"sexo","idade","ano","previsto","inferior","superior","observado"
"Ambos",0,2012,0.0140916716814322,0.0135453753503929,0.0146600006009815,0.0144549428853476
"Ambos",1,2012,0.000575926676377559,0.000560964687527946,0.000591287729758885,0.000581207873957652
"Ambos",5,2012,0.000267787239992678,0.000262214393409566,0.000273478526370932,0.000267632450144096
"Ambos",10,2012,0.000352045873959024,0.000344837342560953,0.000359405093575868,0.00034904055449487
"Ambos",15,2012,0.00123917555391025,0.0012041761323199,0.0012751922349187,0.00128256113843233
"Ambos",20,2012,0.0017319549941164,0.00168609068550391,0.00177906688378879,0.0017153958292815
"Ambos",25,2012,0.00172130984625286,0.00169669420240332,0.00174628261392665,0.00172690281163937
"Ambos",30,2012,0.00195792582702347,0.00193407905287698,0.00198206662670959,0.00194399839320022
"Ambos",35,2012,0.00237958477245455,0.00234670672275578,0.00241292345327586,0.00238416053754828
"Ambos",40,2012,0.00319586821426714,0.00314411002468194,0.00324847844470591,0.00319974778591537
"Ambos",45,2012,0.00446563228901203,0.00441928549689156,0.00451246513824317,0.00447358328203509
"Ambos",50,2012,0.00638623568039064,0.00629975412534353,0.00647390443405132,0.00636823478458447
"Ambos",55,2012,0.00921312283630125,0.00910154783672312,0.00932606562306834,0.0092258669913104
"Ambos",60,2012,0.0132729704137648,0.0130145181053903,0.0135365552668222,0.0133307813730321
"Ambos",65,2012,0.0198317106965438,0.0196342209285581,0.0200311869048676,0.0198048558712394
"Ambos",70,2012,0.0286546291948757,0.0280851348869395,0.0292356713827875,0.0285683734253525
"Ambos",75,2012,0.0459844472260873,0.0454350555946441,0.0465404819915765,0.0459038851618225
"Ambos",80,2012,0.0752788236355586,0.0739760983152599,0.0766044900584403,0.0750570760340884
"Ambos",85,2012,0.123749675539123,0.12098738885322,0.126575028531418,0.124194745149171
"Ambos",90,2012,0.194301472466519,0.191576998963064,0.197064691518299,0.190757722259697
"Ambos",0,2013,0.0132755093585514,0.0125535646818727,0.0140389724508668,0.0141300443060711
"Ambos",1,2013,0.000550484988037204,0.000519019273232736,0.000583858322190736,0.000560871299544203
"Ambos",5,2013,0.000260291310599006,0.000252663879376751,0.000268148999138585,0.000258644590943455
"Ambos",10,2013,0.000350944915743772,0.000335079573056587,0.000367561450442712,0.000347786253864526
"Ambos",15,2013,0.00123917555391025,0.00118997004524004,0.00129041572058986,0.00132423496444093
"Ambos",20,2013,0.00173435599762688,0.00164698069675222,0.00182636671603739,0.00172854009923116
"Ambos",25,2013,0.00169015690714871,0.00163326569182382,0.00174902980273378,0.00172102471667905
"Ambos",30,2013,0.00194338659320116,0.00187686902680126,0.00201226158922273,0.00192243853226264
"Ambos",35,2013,0.00234741221272336,0.00227550725198799,0.00242158933645616,0.00234498047567195
"Ambos",40,2013,0.00313684434174769,0.00302438256907808,0.00325348800940682,0.00310767341730047
"Ambos",45,2013,0.00437967856946888,0.00429086669595362,0.00447032866109628,0.00434948427338919
"Ambos",50,2013,0.00625263188754036,0.00613322388844104,0.00637436464609869,0.00617960951897595
"Ambos",55,2013,0.00906471853235237,0.00882108351357746,0.00931508265898371,0.00902997581598703
"Ambos",60,2013,0.0129841472264372,0.0126280414517775,0.0133502950431056,0.0130280748562937
"Ambos",65,2013,0.0194398941161899,0.0191666851574691,0.0197169974955949,0.0192846601555375
"Ambos",70,2013,0.028222264970356,0.0274323085461652,0.0290349694309022,0.0279553735586227
"Ambos",75,2013,0.0453924811211261,0.0446274281165123,0.0461706495151892,0.0451762636320466
"Ambos",80,2013,0.0744137820931984,0.0725991701657587,0.076273750137515,0.0735537221448411
"Ambos",85,2013,0.122984086378914,0.119119817368461,0.126973712994131,0.123152861202842
"Ambos",90,2013,0.194301472466519,0.191576998963064,0.197064691518299,0.19082505389212
"Ambos",0,2014,0.0125066175761961,0.0116787942766917,0.0133931191432482,0.0136350382860009
"Ambos",1,2014,0.000526167191907709,0.000476815501901554,0.00058062691488836,0.000536978293585871
"Ambos",5,2014,0.000253005208071903,0.00024395517296057,0.000262390973450901,0.000244801845989221
"Ambos",10,2014,0.000349847400571264,0.000323787423159204,0.0003780048109722,0.000334507458815728
"Ambos",15,2014,0.00123917555391025,0.00117918307430242,0.00130222022930339,0.0013205915942781
"Ambos",20,2014,0.00173590915198698,0.00160925548377507,0.00187253087799534,0.00170309151597892
"Ambos",25,2014,0.00165668719027723,0.00157113013731831,0.00174690331579617,0.00169944387158285
"Ambos",30,2014,0.00192895532532793,0.00181050420978323,0.00205515603167611,0.00187251051254242
"Ambos",35,2014,0.00231567463375505,0.00219820951749512,0.00243941670106452,0.00228707866919479
"Ambos",40,2014,0.00307891056972477,0.00289643980145489,0.0032728766852331,0.00302878756773802
"Ambos",45,2014,0.00429282178954365,0.00416385950139274,0.00442577827388671,0.0042483817556346
"Ambos",50,2014,0.00612182316433005,0.00597894715149397,0.00626811341624981,0.00607530705479623
"Ambos",55,2014,0.00891870471399908,0.00852123240839034,0.00933471708824512,0.00887896986188744
"Ambos",60,2014,0.0127016089045871,0.0122762850144895,0.0131416685564625,0.0128644820792078
"Ambos",65,2014,0.0190558186850988,0.018728338253331,0.0193890253821519,0.0190145753633744
"Ambos",70,2014,0.0277964246070028,0.0268465470375489,0.0287799104984391,0.0276495441308916
"Ambos",75,2014,0.0448081355028851,0.0438849623209443,0.0457507287476169,0.0447952572166353
"Ambos",80,2014,0.0735586808877599,0.0713678410297733,0.0758167748368622,0.0728816758474164
"Ambos",85,2014,0.122223233609,0.117536513472566,0.127096834783406,0.122855473627083
"Ambos",90,2014,0.194301472466519,0.191576998963064,0.197064691518299,0.193398486795255
"Ambos",0,2015,0.0117822585162402,0.0108864329833077,0.0127517999657344,0.0128633872889541
"Ambos",1,2015,0.000502923639802024,0.000435399780537322,0.0005809194188375,0.000531523610157047
"Ambos",5,2015,0.000245923058915019,0.000235793890564421,0.000256487353261585,0.000237180095765507
"Ambos",10,2015,0.000348753317674021,0.000311390705429947,0.000390598930757102,0.00032675791943684
"Ambos",15,2015,0.00123917555391025,0.00117016523855177,0.00131225574202599,0.00132619690792883
"Ambos",20,2015,0.00173691344681784,0.00157431096616871,0.00191631030118438,0.00171846960671951
"Ambos",25,2015,0.00162498207518573,0.00152055283855478,0.00173658335160827,0.00169285345294152
"Ambos",30,2015,0.00191463122166647,0.0017378255053649,0.00210942508535132,0.00184105235317669
"Ambos",35,2015,0.00228436615450485,0.00211675370414967,0.00246525078360193,0.00223864528171971
"Ambos",40,2015,0.00302204676534293,0.00276351278631161,0.00330476728646113,0.00296717794521677
"Ambos",45,2015,0.00420595879664665,0.00404065472163213,0.00437802549779453,0.00417206624201909
"Ambos",50,2015,0.00599375103626489,0.00583251702301734,0.00615944220016032,0.00599609377672742
"Ambos",55,2015,0.0087750428754755,0.00820854021311248,0.00938064204685626,0.00877360239801829
"Ambos",60,2015,0.0124252186879551,0.0119460402140986,0.0129236179249844,0.0128285816911482
"Ambos",65,2015,0.0186793314608101,0.018309155740052,0.0190569914187544,0.0189480132592621
"Ambos",70,2015,0.0273770096675216,0.0262996186831568,0.0284985370839456,0.0273672658157238
"Ambos",75,2015,0.0442313122714607,0.0431807331183552,0.0453074518186872,0.0443497466694559
"Ambos",80,2015,0.0727134057931705,0.0702185218084394,0.075296933713105,0.0723890369954633
"Ambos",85,2015,0.121467087927252,0.116104937683462,0.127076881861401,0.122180512142916
"Ambos",90,2015,0.194301472466519,0.191576998963064,0.197064691518299,0.196228972466238
"Ambos",0,2016,0.0110998529296789,0.0101606302118878,0.0121258949977679,0.0124091232661057
"Ambos",1,2016,0.000480706876752743,0.00039545838565087,0.00058433228309738,0.00051606012802238
"Ambos",5,2016,0.000239039154043551,0.000228058491530768,0.000250548518418783,0.000229295321325133
"Ambos",10,2016,0.00034766265631824,0.00029821104874527,0.000405314702814717,0.000313367344695055
"Ambos",15,2016,0.00123917555391025,0.00116227752717133,0.00132116126958584,0.00131539525181774
"Ambos",20,2016,0.00173756267089319,0.00154242806857581,0.00195738400823396,0.00172517101099002
"Ambos",25,2016,0.00159702933730114,0.00148286226122778,0.00171998625286259,0.00166855316511309
"Ambos",30,2016,0.00190041348643305,0.00166084887779601,0.00217453343750894,0.00179273160027578
"Ambos",35,2016,0.00225348097344113,0.0020325560363322,0.00249841893993973,0.0021815195706889
"Ambos",40,2016,0.00296623316757656,0.00262794384750499,0.00334806971343195,0.00288930355316909
"Ambos",45,2016,0.00411968518481805,0.00392218275153977,0.00432713289949239,0.00406083791787735
"Ambos",50,2016,0.00586835825217078,0.0056921468390453,0.0060500246303549,0.00587044792675991
"Ambos",55,2016,0.0086336951312638,0.00788774954447007,0.00945018489739791,0.0085739829208881
"Ambos",60,2016,0.0121548427922192,0.0116319693374623,0.0127012201474557,0.0127050233325653
"Ambos",65,2016,0.0183102825225585,0.0179050675993487,0.0187246679855096,0.0187762112220789
"Ambos",70,2016,0.0269639231999193,0.0257803267480454,0.0282018595589083,0.0270010199312401
"Ambos",75,2016,0.043661914589807,0.0425040887856051,0.0448512799618759,0.0438231805970066
"Ambos",80,2016,0.0718778438959483,0.0691261725130458,0.0747390497015479,0.0717859630185064
"Ambos",85,2016,0.120715620212819,0.114773371087099,0.126965521926745,0.120666463901105
"Ambos",90,2016,0.194301472466519,0.191576998963064,0.197064691518299,0.1983476136475
"Ambos",0,2017,0.010456970952613,0.00949171210528073,0.0115203917155216,0.012863715851619
"Ambos",1,2017,0.000459471544126145,0.000357443515589469,0.000590622268006484,0.000521083656793392
"Ambos",5,2017,0.000232347944182011,0.000220681934494552,0.000244630659456811,0.000224941561485341
"Ambos",10,2017,0.000346575405803682,0.000284502834906538,0.000422190914011263,0.00030549625760623
"Ambos",15,2017,0.00123917555391025,0.00115519226332004,0.00132926448883545,0.00128021518482542
"Ambos",20,2017,0.00173798228960851,0.00151344757876856,0.00199582891496682,0.00171512945491359
"Ambos",25,2017,0.0015724116474053,0.00145391860992497,0.00170056175910938,0.00163202672975874
"Ambos",30,2017,0.00188630132975328,0.00158111660659552,0.00225039234411079,0.00174428604743515
"Ambos",35,2017,0.00222301336747039,0.00194671152029503,0.00253853145698912,0.0021204861400715
"Ambos",40,2017,0.00291145038036262,0.00249151985437235,0.00340215764383263,0.00280809373275127
"Ambos",45,2017,0.00403439189894183,0.00380867325170721,0.0042734876211688,0.00396083809869948
"Ambos",50,2017,0.00574558875860171,0.0055568704356724,0.00594071619360615,0.00575135191609925
"Ambos",55,2017,0.00849462420610327,0.00756250146043176,0.00954163655775294,0.00838941690311158
"Ambos",60,2017,0.0118903503442383,0.0113312005049123,0.0124770920122221,0.0125794312033981
"Ambos",65,2017,0.0179485249115747,0.0175138668247915,0.0183939703164468,0.0185197840392794
"Ambos",70,2017,0.026557069715093,0.0252827796223545,0.027895585943751,0.0265915836765864
"Ambos",75,2017,0.0430998468674791,0.0418494370004775,0.0443876174482097,0.0432529318596678
"Ambos",80,2017,0.0710518835801191,0.0680777241801508,0.0741559771728493,0.0710435754189944
"Ambos",85,2017,0.119968801525011,0.113515092805155,0.126789424945031,0.118452282287798
"Ambos",90,2017,0.194301472466519,0.191576998963064,0.197064691518299,0.19793032230377
"Ambos",0,2018,0.00985132345415278,0.00887284988871915,0.010937700402407,0.0125961118672796
"Ambos",1,2018,0.000439174287016186,0.000321644064940962,0.000599650593309028,0.000512628272294209
"Ambos",5,2018,0.000225844035390835,0.000213621050964569,0.000238766395405836,0.00022241249852167
"Ambos",10,2018,0.000345491555463575,0.000270474202575639,0.00044131534083462,0.000295022901989037
"Ambos",15,2018,0.00123917555391025,0.00114871481924628,0.00133676002753784,0.00119487559111281
"Ambos",20,2018,0.00173825347595098,0.00148706172508263,0.00203187607863942,0.00165201727527514
"Ambos",25,2018,0.0015493412404075,0.00142861456166367,0.00168027006278868,0.00157151250787609
"Ambos",30,2018,0.00187229396761827,0.0014998616252772,0.00233720540755342,0.00169393646145791
"Ambos",35,2018,0.00219295769087669,0.00186009892747413,0.00258538046710535,0.00205825244113301
"Ambos",40,2018,0.00285767936586019,0.00235564668359776,0.00346670466964541,0.00272847662139115
"Ambos",45,2018,0.00395033125044175,0.00370002653472568,0.0042175689395086,0.00383408401072333
"Ambos",50,2018,0.00562538767478261,0.00542607832128867,0.00583201800966273,0.00561687786416938
"Ambos",55,2018,0.00835779342516036,0.00723569932932351,0.00965389905776869,0.00817883990577953
"Ambos",60,2018,0.0116316133187038,0.0110419340483197,0.012252783597855,0.0123813984622388
"Ambos",65,2018,0.0175939145725647,0.0171341556544041,0.0180660101513166,0.0182768538871936
"Ambos",70,2018,0.0261563551647566,0.0248033777903092,0.0275831348975457,0.0261473913239304
"Ambos",75,2018,0.0425450147445849,0.0412133677329027,0.0439196886638281,0.0426250881213848
"Ambos",80,2018,0.0702354145123066,0.0670652650716678,0.0735554157050446,0.0704233050160332
"Ambos",85,2018,0.119226603102181,0.112314109288978,0.126564533853095,0.117121511420011
"Ambos",90,2018,0.194301472466519,0.191576998963064,0.197064691518299,0.198683310698221
"Ambos",0,2019,0.00928075388543468,0.00829879427465875,0.0103789044325421,0.0122142516006901
"Ambos",1,2019,0.000419773665729391,0.000288229388514839,0.00061135310090289,0.000508587059912377
"Ambos",5,2019,0.000219522184718196,0.000206845175549187,0.000232976135196301,0.000222035871097871
"Ambos",10,2019,0.000344411094664503,0.000256298524547243,0.000462815782250577,0.000286485622376721
"Ambos",15,2019,0.00123917555391025,0.0011427184018441,0.00134377467881039,0.00105965218089672
"Ambos",20,2019,0.00173842872280679,0.00146293649876713,0.0020658001402156,0.00152903372806701
"Ambos",25,2019,0.00152604547943302,0.00140320102986173,0.00165964445274634,0.00149028211112217
"Ambos",30,2019,0.00185839062184102,0.00141809209994964,0.00243539591220436,0.00164399084509165
"Ambos",35,2019,0.00216330837427557,0.00177343884456871,0.00263888610342747,0.00200083941999951
"Ambos",40,2019,0.00280490143783455,0.00222144749420617,0.00354159713271898,0.00267096818683157
"Ambos",45,2019,0.00386766186102959,0.00359599765362405,0.00415984928582681,0.00375370134920245
"Ambos",50,2019,0.00550770126807639,0.00529934618792752,0.00572424827188609,0.00553706178159526
"Ambos",55,2019,0.00822316670435704,0.00690971047909635,0.00978629580099131,0.00808833815876149
"Ambos",60,2019,0.0113785064761702,0.01076292703468,0.012029293630912,0.0122329184919654
"Ambos",65,2019,0.0172463102963454,0.0167649562085668,0.0177414849843654,0.0182329517186817
"Ambos",70,2019,0.0257616869197006,0.0243397034025731,0.027266746104988,0.0258402760536951
"Ambos",75,2019,0.0419973250759444,0.0405935941034558,0.0434495972206707,0.0422636281466819
"Ambos",80,2019,0.0694283276269938,0.0660835341467896,0.0729424165840466,0.0700901170451768
"Ambos",85,2019,0.118488996360621,0.111159918646325,0.126301300230499,0.117280748146842
"Ambos",90,2019,0.194301472466519,0.191576998963064,0.197064691518299,0.199488869045786
"Feminino",0,2012,0.0128230382019645,0.0123194882503804,0.0133471703846111,0.0132551511959286
"Feminino",1,2012,0.000524193994067232,0.000512877657039189,0.000535760019265495,0.000538129668969831
"Feminino",5,2012,0.000235945944984617,0.000230954802078214,0.000241044951019598,0.000234094086270805
"Feminino",10,2012,0.00026571665751744,0.000258440796336136,0.00027319735538351,0.000264210837593014
"Feminino",15,2012,0.000512900292546049,0.000501417657404074,0.000524645883943865,0.000509449733749648
"Feminino",20,2012,0.000600832064388381,0.000581791723573179,0.000620495539847254,0.000595778447307364
"Feminino",25,2012,0.000726376461737751,0.000710506025645766,0.000742601392700515,0.000717657420600476
"Feminino",30,2012,0.000983690008852384,0.000969999166980283,0.000997574087128751,0.000975914262789755
"Feminino",35,2012,0.00134223248327993,0.00132141255911674,0.00136338044219589,0.00135819934382923
"Feminino",40,2012,0.00201321009308613,0.00197874218693292,0.00204827839911075,0.00203006029503699
"Feminino",45,2012,0.00298717427256509,0.00294737903532805,0.00302750682138906,0.00301301803896205
"Feminino",50,2012,0.00440951318917945,0.00432212315286752,0.00449867018542669,0.00440041879654112
"Feminino",55,2012,0.00657452914018397,0.00647627754122625,0.00667427131403386,0.00659356085053954
"Feminino",60,2012,0.00983190392540788,0.0096421098354487,0.0100254338986123,0.00988120238203934
"Feminino",65,2012,0.0153289204591707,0.0151275174076094,0.0155330049281838,0.0153364404569494
"Feminino",70,2012,0.0221371386110677,0.0216172451748937,0.0226695354528695,0.0220685199769523
"Feminino",75,2012,0.0379647932317867,0.0375211470446643,0.0384136850458382,0.038023805781755
"Feminino",80,2012,0.0661796769039119,0.0649761966241121,0.0674054478818307,0.0660269094153338
"Feminino",85,2012,0.114105733525115,0.111852349223648,0.116404514645204,0.114813291673848
"Feminino",90,2012,0.186439253624479,0.182928900282808,0.190016969644023,0.184565123351175
"Feminino",0,2013,0.0121302706733788,0.0114621377808306,0.0128373493167669,0.0127739962637988
"Feminino",1,2013,0.00049475208206075,0.00047971505200269,0.000510260459165401,0.00052352802745317
"Feminino",5,2013,0.000230648525568681,0.000223778816501292,0.000237729125476447,0.000224019775982907
"Feminino",10,2013,0.000260500407876825,0.000250470296766673,0.000270932175910695,0.000262203811981436
"Feminino",15,2013,0.000519013077215699,0.000493389975517889,0.000545966857227204,0.000497811882005736
"Feminino",20,2013,0.000592917897989835,0.000551724019408151,0.00063718747306634,0.000582884723354758
"Feminino",25,2013,0.000710997338106421,0.000685943286375865,0.000736966488097409,0.000704303483396776
"Feminino",30,2013,0.00097564907644041,0.000945546557248404,0.00100670994258504,0.000963822100362139
"Feminino",35,2013,0.00131219822317978,0.00126712096338042,0.00135887908627334,0.0013457346126232
"Feminino",40,2013,0.00197297326298438,0.00189823923227576,0.00205064958634557,0.00197289100549321
"Feminino",45,2013,0.00291963685636039,0.00284695290586671,0.00299417645983957,0.0029323419319545
"Feminino",50,2013,0.00430302777109505,0.00418292108428894,0.00442658315222861,0.00426237931876802
"Feminino",55,2013,0.00647008100042981,0.00625586857784414,0.00669162844954601,0.00643553740107225
"Feminino",60,2013,0.00958532549744422,0.00932469782589063,0.00985323777858492,0.00961879660894056
"Feminino",65,2013,0.0150099503981727,0.0147318111390798,0.015293340976789,0.0148792591375241
"Feminino",70,2013,0.0217822362589592,0.0210623183873934,0.0225267611909761,0.0215862462619859
"Feminino",75,2013,0.0374367275112929,0.0368195446965196,0.0380642557724858,0.0373816707468154
"Feminino",80,2013,0.0653339857510324,0.0636601074981802,0.0670518769425283,0.064792033122183
"Feminino",85,2013,0.113199801306605,0.110051316327298,0.11643836206143,0.114003210943995
"Feminino",90,2013,0.186439253624479,0.181494294613615,0.191518942047478,0.184321844879727
"Feminino",0,2014,0.0114749300666429,0.0107057072308967,0.0122994228400282,0.0123718633393905
"Feminino",1,2014,0.000466963806288959,0.000449641503170096,0.000484953445904178,0.000502667202939017
"Feminino",5,2014,0.000225470042939177,0.000217273046071322,0.000233976285518209,0.000213595263759559
"Feminino",10,2014,0.000255386557764217,0.000243396017439251,0.000267967794103018,0.000253562852628468
"Feminino",15,2014,0.000525198714517645,0.000482537120165968,0.000571632063531433,0.000485000815960492
"Feminino",20,2014,0.000585107977076002,0.000518688758015186,0.000660032321016582,0.000568483492377293
"Feminino",25,2014,0.000701876936640259,0.00066215282405021,0.000743984192613153,0.000693089386871863
"Feminino",30,2014,0.00096767387265582,0.000918235172870229,0.00101977440146812,0.000940557803253818
"Feminino",35,2014,0.00128283602011223,0.00120995120379256,0.00136011125848637,0.00133030933373209
"Feminino",40,2014,0.00193354062242161,0.00181255543137499,0.00206260138246833,0.00192869614350617
"Feminino",45,2014,0.00285258887054758,0.00275104861447412,0.00295787694247177,0.00286913702121522
"Feminino",50,2014,0.0041991138714024,0.00405601967834795,0.00434725635063633,0.00419400166739823
"Feminino",55,2014,0.00636729220595582,0.00601848698551791,0.00673631265359243,0.00633669742985923
"Feminino",60,2014,0.00934493111293728,0.00903469172536757,0.00966582371154344,0.00947677052924951
"Feminino",65,2014,0.0146976175886422,0.0143647542533461,0.0150381941084474,0.0146651362453383
"Feminino",70,2014,0.0214330236972858,0.02056869374454,0.0223336741999164,0.0213470672329195
"Feminino",75,2014,0.0369160068434499,0.0361720161119896,0.0376753000730288,0.0371436467953298
"Feminino",80,2014,0.0644991014433887,0.0624810907456813,0.0665822897352684,0.0641954095672538
"Feminino",85,2014,0.112301061655543,0.108487629346967,0.11624853934846,0.113643574994267
"Feminino",90,2014,0.186439253624479,0.180401116311056,0.192679491140835,0.186229617557647
"Feminino",0,2015,0.0108549943838696,0.0100192004684536,0.0117605095780689,0.0117233358009031
"Feminino",1,2015,0.000440736288517726,0.00042191239901965,0.000460400017794531,0.000497603843405669
"Feminino",5,2015,0.000220407826747007,0.000211181548451956,0.000230037190500054,0.000209934306562295
"Feminino",10,2015,0.000250373096987608,0.000236849373874019,0.000264669003214293,0.000250605192360582
"Feminino",15,2015,0.000531458072715097,0.000469471982069664,0.000601628412006349,0.00047203179142977
"Feminino",20,2015,0.000577400928524241,0.000484033473464712,0.000688778463758377,0.000567950130009549
"Feminino",25,2015,0.000688648454109502,0.000635500222045805,0.0007462415855981,0.000689214456129607
"Feminino",30,2015,0.000959763860216091,0.000888843034474951,0.00103634346183635,0.000926885914302246
"Feminino",35,2015,0.00125413083589576,0.00115121446439635,0.00136624773418681,0.0013252747738422
"Feminino",40,2015,0.00189489609854087,0.00172387921888569,0.00208287865236079,0.00191561641493295
"Feminino",45,2015,0.00278648102469232,0.00266039319330178,0.00291854471757011,0.00282490759925553
"Feminino",50,2015,0.00409770939045482,0.00393689777205297,0.00426508972821652,0.0041694090555392
"Feminino",55,2015,0.00626613639509806,0.00577009757207067,0.00680481826027112,0.00624819412207065
"Feminino",60,2015,0.00911056567967648,0.00876222174869349,0.0094727580954083,0.00941486269765082
"Feminino",65,2015,0.014391783920103,0.0140160878583695,0.0147775503761025,0.0145379174710581
"Feminino",70,2015,0.0210894097073927,0.02011046680627,0.0221160058635538,0.021175638947047
"Feminino",75,2015,0.0364025290633255,0.0355567200635099,0.0372684578284876,0.0368841513490415
"Feminino",80,2015,0.0636748858833982,0.0613800818063077,0.0660554853129427,0.0639487612893094
"Feminino",85,2015,0.111409457467185,0.10705263091744,0.115943598085924,0.113072463372505
"Feminino",90,2015,0.186439253624479,0.179484641287386,0.193663341011985,0.188687920239193
"Feminino",0,2016,0.0102685508660632,0.00938869969150097,0.0112308562797444,0.0112441653700822
"Feminino",1,2016,0.00041598186711751,0.000396168886125345,0.000436785724045529,0.000482658039132429
"Feminino",5,2016,0.000215459266597309,0.00020540079517629,0.000226010301093561,0.000202804625956757
"Feminino",10,2016,0.000245458054816811,0.000230682913886014,0.000261179537138253,0.000244120631469099
"Feminino",15,2016,0.000537792030419289,0.000454661819183472,0.000636121740994027,0.00046653646507089
"Feminino",20,2016,0.000569795397298693,0.000448744592347539,0.000723500183220772,0.000560695295280403
"Feminino",25,2016,0.000678653601816922,0.000609818399855112,0.00075525879732148,0.000670650802859736
"Feminino",30,2016,0.000951918506230584,0.00085794237418898,0.00105618846878948,0.000903234177756624
"Feminino",35,2016,0.00122606796884843,0.00109185166475752,0.0013767828659857,0.00129813036448878
"Feminino",40,2016,0.00185702393972381,0.00163379235466594,0.00211075654923874,0.0018801837204144
"Feminino",45,2016,0.00272155874553819,0.00257481532207903,0.00287666534446234,0.00276913102869272
"Feminino",50,2016,0.00399875372825118,0.00382371382950545,0.00418180650858772,0.00410540216228509
"Feminino",55,2016,0.00616658762499473,0.00551504275755712,0.00689510573324766,0.00613897417303654
"Feminino",60,2016,0.00888207799507361,0.00850325167377142,0.00927778131675366,0.00934098078133144
"Feminino",65,2016,0.0140923141559345,0.0136816521499877,0.0145153023986017,0.0143617906818095
"Feminino",70,2016,0.0207513045330414,0.0196773514163869,0.0218838720064945,0.0209030466156008
"Feminino",75,2016,0.0358961934270359,0.0349649910142184,0.036852196015929,0.0364720048033259
"Feminino",80,2016,0.0628612027381875,0.0603337650808003,0.0654945171149112,0.0633300542074554
"Feminino",85,2016,0.110524932090167,0.105703808989807,0.115565945355042,0.111580109134992
"Feminino",90,2016,0.186439253624479,0.178681069248587,0.194534291955093,0.190299559143387
"Feminino",0,2017,0.00971379009146384,0.00880586117245618,0.0107153310838197,0.0118457403996224
"Feminino",1,2017,0.000392617804067227,0.000372180047553791,0.000414177871929829,0.000490680211321701
"Feminino",5,2017,0.000210621810703373,0.000199875035124,0.000221946413249891,0.000196982846615696
"Feminino",10,2017,0.000240639499208794,0.000224818309403444,0.00025757407718756,0.000244127193706332
"Feminino",15,2017,0.000544201476712814,0.000438486059729161,0.000675404019547013,0.000455357438602881
"Feminino",20,2017,0.000562290046212049,0.000413567717308769,0.000764494139258689,0.000557609350752891
"Feminino",25,2017,0.000666683469214646,0.000582746799810114,0.000762710062532998,0.000656820426420847
"Feminino",30,2017,0.000944137282164643,0.00082598056961142,0.00107919633992431,0.000885300082678025
"Feminino",35,2017,0.00119863304625822,0.00103257192301083,0.00139140058679205,0.00126506929479191
"Feminino",40,2017,0.00181990870917029,0.00154349508523607,0.00214582329506239,0.00184222125357385
"Feminino",45,2017,0.00265794890475409,0.00249386688140051,0.00283282657665997,0.00272302739757205
"Feminino",50,2017,0.00390218774822095,0.00371546779144298,0.00409829127234929,0.00402321274511456
"Feminino",55,2017,0.00606862036493271,0.00525666080883915,0.00700599762338649,0.00599354483113515
"Feminino",60,2017,0.00865932064861337,0.00825557903192422,0.00908280737251019,0.00922338322135395
"Feminino",65,2017,0.0137990758735718,0.0133591970435507,0.0142534386119049,0.0141235800508043
"Feminino",70,2017,0.0204186198569643,0.0192639288918291,0.0216425236619335,0.0205736387689359
"Feminino",75,2017,0.0353969005919794,0.0343922632805774,0.0364308845072739,0.035936673507818
"Feminino",80,2017,0.0620579174170422,0.0593299375755776,0.0649113292801731,0.0625697982042192
"Feminino",85,2017,0.109647429322901,0.104419136874793,0.115137503688971,0.109264525517984
"Feminino",90,2017,0.186439253624479,0.177957681577934,0.19532506258703,0.188929447183116
"Feminino",0,2018,0.00918900039272979,0.00826488430607632,0.0102164440651044,0.0115660615701648
"Feminino",1,2018,0.000370566008414561,0.000349774752937025,0.000392593134407914,0.00047500172266825
"Feminino",5,2018,0.000205892964570788,0.000194569304708023,0.000217875645510285,0.000195505270313915
"Feminino",10,2018,0.000235915536048211,0.000219207212466575,0.00025389739471917,0.000239960725398453
"Feminino",15,2018,0.000550687311274416,0.000421265234963178,0.000719870736129348,0.000446617361625855
"Feminino",20,2018,0.000554883555690444,0.000379072644804874,0.000812234184120984,0.000556124308511958
"Feminino",25,2018,0.000656424597635809,0.000556478489811689,0.000774321488198306,0.000644719598209975
"Feminino",30,2018,0.000936419663803989,0.000793321754750616,0.00110532930870455,0.000868724351469502
"Feminino",35,2018,0.00117181201702193,0.000973925398275255,0.00140990614442209,0.00123483820321334
"Feminino",40,2018,0.0017835352786063,0.0014539245057497,0.00218787019370927,0.00179901836688201
"Feminino",45,2018,0.00259571012474183,0.00241705945983181,0.00278756528900454,0.00265208163112524
"Feminino",50,2018,0.00380795374188375,0.00361152646959037,0.00401506449486749,0.00392767109644891
"Feminino",55,2018,0.00597220948979988,0.00499760752182896,0.00713687220020084,0.00586148485455785
"Feminino",60,2018,0.00844214992675038,0.00801780179372488,0.00888895700084663,0.00910904821087955
"Feminino",65,2018,0.0135119394059495,0.0130473025527385,0.0139931227755373,0.0139593239896324
"Feminino",70,2018,0.0200912687777953,0.0188668850735956,0.0213951099785167,0.0202665618718869
"Feminino",75,2018,0.0349045525973458,0.0338357411737928,0.0360071258898424,0.0354036264134805
"Feminino",80,2018,0.0612648970491441,0.0583611885231892,0.0643130769852443,0.06206141626521
"Feminino",85,2018,0.10877689341001,0.103185389676569,0.114671394632719,0.108082008616847
"Feminino",90,2018,0.186439253624479,0.177295043117976,0.196055088065395,0.189484833941721
"Feminino",0,2019,0.00869256257573337,0.0077613647064518,0.00973548428541554,0.0111103224066213
"Feminino",1,2019,0.000349752775268407,0.00032881574059334,0.000372022956039806,0.000453608731871651
"Feminino",5,2019,0.000201270289711116,0.000189459441026245,0.000213817423407182,0.000199794835854554
"Feminino",10,2019,0.000231284308402854,0.000213816794437263,0.000250178810575527,0.000235980942429496
"Feminino",15,2019,0.000557250444505281,0.000403276091733519,0.000770013557130301,0.00043494563935497
"Feminino",20,2019,0.000547574623541456,0.000345692154770487,0.000867355432308369,0.000563196357972924
"Feminino",25,2019,0.000645259010497175,0.000529779260654063,0.000785910701966245,0.000649037758306511
"Feminino",30,2019,0.000928765131219403,0.000760269545684794,0.0011346037387201,0.000866968182597344
"Feminino",35,2019,0.00114559114444872,0.000916344624892406,0.00143218941279153,0.00122439416012776
"Feminino",40,2019,0.00174788882211762,0.00136582169611937,0.00223683321414798,0.00179304912418174
"Feminino",45,2019,0.00253486190560448,0.00234394592185403,0.00274132812560891,0.00262000457348761
"Feminino",50,2019,0.0037159953943624,0.00351144775770753,0.00393245826898978,0.00387039092366506
"Feminino",55,2019,0.0058773302736414,0.00474003560595165,0.0072875003517039,0.0058013197946986
"Feminino",60,2019,0.00823042572019135,0.00778893542851704,0.00869694044292322,0.00902671271826711
"Feminino",65,2019,0.0132307777841643,0.0127449796506378,0.0137350929991618,0.0139665044856012
"Feminino",70,2019,0.01976916578737,0.0184839915750316,0.0211436969305074,0.0200358084091665
"Feminino",75,2019,0.0344190528448963,0.0332935408538993,0.0355826135747594,0.0350597318216265
"Feminino",80,2019,0.060482010461593,0.0574225728385089,0.0637044529468219,0.0618696550980123
"Feminino",85,2019,0.107913269038778,0.101993854058458,0.11417622897122,0.108013218777689
"Feminino",90,2019,0.186439253624479,0.176680491564512,0.196737030694534,0.189993298255459
"Masculino",0,2012,0.0147416575566078,0.0142132555058768,0.0152897038561249,0.0155997361324769
"Masculino",1,2012,0.000621282540991311,0.000604685563232483,0.000638335060749943,0.000622341007147406
"Masculino",5,2012,0.0002981620903613,0.000291506916973039,0.000304969202966948,0.000299679781928047
"Masculino",10,2012,0.000435239282370197,0.000426192004381121,0.000444478617549859,0.000431327438290847
"Masculino",15,2012,0.00196945925116536,0.00190900535347199,0.00203182758756875,0.00205117450052824
"Masculino",20,2012,0.0028611782050714,0.00275939367649771,0.00296671721432873,0.00284703444968549
"Masculino",25,2012,0.00277406088864722,0.00271993918170933,0.0028292595164154,0.00276167522895212
"Masculino",30,2012,0.00298187027273059,0.00294068105952625,0.00302363641054867,0.00295290920282916
"Masculino",35,2012,0.0034713320668193,0.00342151526006586,0.00352187419964802,0.00346374685802159
"Masculino",40,2012,0.00444362361705171,0.00437153674567807,0.00451689920473423,0.00444854169213388
"Masculino",45,2012,0.0060710518104468,0.00601575030637389,0.00612686168940181,0.0060605653041925
"Masculino",50,2012,0.00855920724867871,0.00847020194361729,0.00864914782593102,0.00853005551229424
"Masculino",55,2012,0.0121516008684047,0.0120059158250173,0.0122990537179451,0.0121554058664232
"Masculino",60,2012,0.0171540457474974,0.0167926317804166,0.0175232381293799,0.0172309811743569
"Masculino",65,2012,0.0250592817797157,0.0248435487170075,0.0252768881961415,0.0249969181091084
"Masculino",70,2012,0.0367187817774751,0.0360561802388625,0.0373935598915336,0.0366022581870782
"Masculino",75,2012,0.056947923721963,0.0561691958827118,0.0577374478177404,0.0565960406679134
"Masculino",80,2012,0.089087147934258,0.0874445685008975,0.0907605819677514,0.0887474253130314
"Masculino",85,2012,0.140445078150381,0.136623704015123,0.144373336375679,0.140056491144047
"Masculino",90,2012,0.198803881331607,0.195817884937634,0.201835410718993,0.202103183756513
"Masculino",0,2013,0.014203240890652,0.0136786450429251,0.014747955748894,0.015423886097242
"Masculino",1,2013,0.000596030561705149,0.000561013583964638,0.000633233206183735,0.000596499552960447
"Masculino",5,2013,0.000288495415153758,0.000279431001827845,0.000297853867395917,0.000291712744554439
"Masculino",10,2013,0.000437330132643088,0.000417263338358121,0.000458361967936594,0.000430450038066405
"Masculino",15,2013,0.00196945925116536,0.00188451134134204,0.00205823634854783,0.00214270163871619
"Masculino",20,2013,0.0028611782050714,0.00271830115922483,0.00301156503332768,0.00288455640807291
"Masculino",25,2013,0.00273842214827325,0.00262493020394819,0.00285682105027944,0.00276163020877629
"Masculino",30,2013,0.00296958633160801,0.00286025296841188,0.00308309897000805,0.0029200519660476
"Masculino",35,2013,0.00343665564755198,0.00332735164869896,0.00354955029910021,0.00339603356241765
"Masculino",40,2013,0.00434885788096964,0.00424942206139008,0.00445062048336169,0.00431779793075055
"Masculino",45,2013,0.00594940336007133,0.00583326103964466,0.00606785811577261,0.00588872892965128
"Masculino",50,2013,0.00840268020179561,0.00827937626517503,0.00852782049182002,0.00829024709467807
"Masculino",55,2013,0.0119623492780177,0.0116440350175805,0.0122893653302518,0.0119224792927757
"Masculino",60,2013,0.0168242815224274,0.0163251869856702,0.0173386344054957,0.0168988338891229
"Masculino",65,2013,0.024581617114298,0.0242828744799002,0.0248840350615868,0.0244096654738168
"Masculino",70,2013,0.0361930605154086,0.0352728809823244,0.0371372451864211,0.0358205431848647
"Masculino",75,2013,0.0563083259521272,0.0552224995022063,0.0574155027409493,0.0557085371753346
"Masculino",80,2013,0.0882409703598455,0.0859488945193118,0.0905941710314563,0.0868565530179423
"Masculino",85,2013,0.140445078150381,0.135071456419136,0.146032481618168,0.13867211847715
"Masculino",90,2013,0.194630020403858,0.188153916663026,0.201329026332461,0.202870884287066
"Masculino",0,2014,0.013052859335938,0.012442301659534,0.0136933777612788,0.0148403103196573
"Masculino",1,2014,0.000571804947101392,0.000516710995713065,0.000632773252828532,0.000569693132021594
"Masculino",5,2014,0.000279142141993588,0.000268438709517274,0.000290272351468574,0.000274602430212032
"Masculino",10,2014,0.000439431027172187,0.00040621538894787,0.000475362659552969,0.000412376752706705
"Masculino",15,2014,0.00196945925116536,0.00186592973604893,0.00207873301285934,0.0021445902978721
"Masculino",20,2014,0.0028611782050714,0.00268718517735515,0.00304643713807359,0.00284601969252999
"Masculino",25,2014,0.00270324126368054,0.00255467940039106,0.00286044242128643,0.00272768682003835
"Masculino",30,2014,0.00295792583853727,0.00275746280563247,0.00317296220584184,0.00284044051693942
"Masculino",35,2014,0.00340232562385561,0.00322319775932821,0.00359140844437579,0.00329324834696821
"Masculino",40,2014,0.00425611314070294,0.00413723487606778,0.00437840722344512,0.00420052928522191
"Masculino",45,2014,0.00583019243550535,0.005678650554237,0.00598577840111363,0.00574496857010499
"Masculino",50,2014,0.00824901565323673,0.00810100690471208,0.00839972858284621,0.00814995685295332
"Masculino",55,2014,0.0117760451317454,0.011256410012631,0.0123196684190871,0.0117182139227676
"Masculino",60,2014,0.0165008565858108,0.0159033578842756,0.0171208036722049,0.0167253029776475
"Masculino",65,2014,0.0241130573998758,0.0237546398378807,0.0244768828800555,0.0240845623176976
"Masculino",70,2014,0.0356748662690003,0.0345672114822008,0.0368180142030371,0.0354236340216313
"Masculino",75,2014,0.0556759116804849,0.0543638510205098,0.0570196386617955,0.055097811837479
"Masculino",80,2014,0.0874028300444995,0.0846304568882485,0.0902660221942914,0.0860640764978715
"Masculino",85,2014,0.140445078150381,0.133892343652397,0.1473185055889,0.138495592922006
"Masculino",90,2014,0.190543789128646,0.180053986070788,0.201644719829905,0.206859987253588
"Masculino",0,2015,0.0124278557200694,0.0118218119624768,0.0130649682374496,0.0139510872067797
"Masculino",1,2015,0.000548563980669452,0.000472952562822352,0.000636263474484958,0.00056385394843415
"Masculino",5,2015,0.000270092110112876,0.000258169407113151,0.000282565423846883,0.00026320101971294
"Masculino",10,2015,0.000441542014209194,0.000393554124482133,0.000495381291120894,0.000399745937070284
"Masculino",15,2015,0.00196945925116536,0.00185040712948405,0.00209617098864202,0.00216484341167071
"Masculino",20,2015,0.0028611782050714,0.00266123006543227,0.00307614919413059,0.0028753924161718
"Masculino",25,2015,0.00266851235273313,0.00249355416803088,0.00285574633508467,0.00271670591156211
"Masculino",30,2015,0.00294659912631045,0.00263790744331478,0.00329141434934625,0.002788359477964
"Masculino",35,2015,0.00336833853545676,0.00311194183213279,0.00364586007755393,0.00319899003036607
"Masculino",40,2015,0.0041653462960315,0.00403129748223972,0.00430385250463428,0.00408593875759456
"Masculino",45,2015,0.00571337019492594,0.00553565229461644,0.00589679359305384,0.0056317653067292
"Masculino",50,2015,0.00809816125488192,0.00793061496708128,0.00826924721251552,0.00801284877495748
"Masculino",55,2015,0.0115926425254727,0.0108515463427636,0.0123843511771035,0.0115993632393858
"Masculino",60,2015,0.0161836490730697,0.0155088949736915,0.016887760073465,0.0167315795270259
"Masculino",65,2015,0.0236534290834556,0.0232479217061542,0.0240660096191719,0.0241034279828805
"Masculino",70,2015,0.0351640912701822,0.0339064485021274,0.0364683819592643,0.0349956505517096
"Masculino",75,2015,0.0550506002271951,0.0535553278590205,0.0565876208124829,0.0543738438965207
"Masculino",80,2015,0.0865726506478213,0.0834096467403385,0.0898555998387303,0.0851623042669955
"Masculino",85,2015,0.140445078150381,0.132906305757653,0.148411468246163,0.137658395033412
"Masculino",90,2015,0.186543347733124,0.171704106172795,0.202665046044161,0.21058102288878
"Masculino",0,2016,0.0115231805424718,0.0108928456228507,0.012189990973144,0.0135205973397519
"Masculino",1,2016,0.000526267641462982,0.000430522164315942,0.000643306322895289,0.000547895048028865
"Masculino",5,2016,0.00026133548816467,0.000248471717454138,0.000274865236470513,0.000254574544624785
"Masculino",10,2016,0.000443663142237608,0.000379661838282785,0.00051845343390435,0.000379603233180083
"Masculino",15,2016,0.00196945925116536,0.00183683847339681,0.00211165532417662,0.00214515092977761
"Masculino",20,2016,0.0028611782050714,0.00263857096090485,0.00310256606415779,0.00289378198862236
"Masculino",25,2016,0.00263422960886366,0.00243785563198469,0.00284642188863527,0.00268515843763769
"Masculino",30,2016,0.00293546057854006,0.00250651388157158,0.00343781411765409,0.00271249478754558
"Masculino",35,2016,0.00333469095664798,0.00299570524133857,0.00371203535745092,0.00310993240598961
"Masculino",40,2016,0.00407651516590035,0.00393012147507864,0.00422836189751184,0.00396177403582487
"Masculino",45,2016,0.0055988887751762,0.00540035397279519,0.00580472237092428,0.00545824255628177
"Masculino",50,2016,0.00795006561593061,0.00776639476485887,0.00813808017892464,0.00781993137467045
"Masculino",55,2016,0.0114120962700045,0.0104356109559437,0.0124799536726381,0.0113042803424906
"Masculino",60,2016,0.0158725394623142,0.0151344871396415,0.0166465838358556,0.0165607458082245
"Masculino",65,2016,0.0232025619202045,0.0227582850201793,0.0236555117920164,0.0239560642409194
"Masculino",70,2016,0.034660629293856,0.0332776302745789,0.0361011049504879,0.034507055246693
"Masculino",75,2016,0.0544323118185546,0.0527819937305465,0.0561342298860085,0.0536727922224078
"Masculino",80,2016,0.0857503565545174,0.0822552353140232,0.0893939895880801,0.084518761697297
"Masculino",85,2016,0.140445078150381,0.132043607679993,0.149381104645896,0.136130545446371
"Masculino",90,2016,0.182626895070229,0.163238179841661,0.204318516877265,0.213843239645728
"Masculino",0,2017,0.0108986617745855,0.0102760852461991,0.0115589570961125,0.0138348693738661
"Masculino",1,2017,0.000504877535183806,0.000389948357328794,0.000653679700767015,0.000550063955519368
"Masculino",5,2017,0.000252862763542867,0.000239260584771089,0.000267238238373904,0.000251601177568536
"Masculino",10,2017,0.000445794459973837,0.000364845352669172,0.000544703938502866,0.000364126766652861
"Masculino",15,2017,0.00196945925116536,0.00182465712760051,0.00212575265967998,0.00208299015362052
"Masculino",20,2017,0.0028611782050714,0.00261825166694123,0.00312664394509459,0.00287377991422719
"Masculino",25,2017,0.00260038730010255,0.0023859709896985,0.00283407222457012,0.00262423261934667
"Masculino",30,2017,0.00292443693191612,0.00236739774792134,0.0036125451991598,0.00263084755725137
"Masculino",35,2017,0.00330137949594246,0.00287614124465663,0.00378948933626885,0.00301870070986003
"Masculino",40,2017,0.00398957846881739,0.00383290415865491,0.0041526570193284,0.00383364674497096
"Masculino",45,2017,0.00548670127215525,0.00527101141270523,0.0057112171636183,0.00529782126541753
"Masculino",50,2017,0.00780467828539476,0.00760737574017643,0.00800709800842567,0.00765941016976272
"Masculino",55,2017,0.0112343618799322,0.0100133442208528,0.0126042692696453,0.0110814293537621
"Masculino",60,2017,0.0155674105293074,0.0147762418226317,0.0164009410171408,0.0164329561480826
"Masculino",65,2017,0.0227602889103922,0.0222833235486539,0.0232474635192296,0.0237002180266519
"Masculino",70,2017,0.0341643756358013,0.0326739455374242,0.0357227920713534,0.0339966389886845
"Masculino",75,2017,0.0538209675768202,0.0520360492994549,0.0556671113565009,0.0530386482350519
"Masculino",80,2017,0.0849358728675118,0.0811509947859226,0.0888972774615645,0.0837252295000329
"Masculino",85,2017,0.140445078150381,0.131268489773796,0.150263174434754,0.134126472285394
"Masculino",90,2017,0.178792667807742,0.154757610484332,0.206560555967269,0.215434512173449
"Masculino",0,2018,0.0101557931055833,0.00953199839460048,0.0108204102994645,0.0135786263750232
"Masculino",1,2018,0.000484356828066932,0.000351580323479379,0.000667277208728148,0.000548496236715638
"Masculino",5,2018,0.000244664732048359,0.000230480182337262,0.00025972224813976,0.000248054140372009
"Masculino",10,2018,0.000447936016368319,0.000349360421815201,0.00057432571702714,0.000347598773313543
"Masculino",15,2018,0.00196945925116536,0.00181352653776568,0.00213879954951174,0.00191994087257499
"Masculino",20,2018,0.0028611782050714,0.0025997042861069,0.00314895073448326,0.00274528373722183
"Masculino",25,2018,0.00256697976811959,0.00233701632663909,0.00281957171408026,0.00251330676859386
"Masculino",30,2018,0.00291349128222856,0.00222393053275372,0.00381685998128334,0.00254425755574667
"Masculino",35,2018,0.00326840079573223,0.00275458900422267,0.00387805358446117,0.00292157786050983
"Masculino",40,2018,0.0039044958036691,0.00373914095296622,0.00407716308976686,0.00371469870311863
"Masculino",45,2018,0.0053767617216012,0.00514664233297348,0.00561717032980091,0.0051087793614081
"Masculino",50,2018,0.007661949734912,0.00745294945844938,0.00787681092802312,0.00748051327322415
"Masculino",55,2018,0.0110593955626721,0.00958853258761991,0.0127558861686062,0.010786702996587
"Masculino",60,2018,0.015268147303296,0.0144317489487589,0.0161530194921519,0.016143986391298
"Masculino",65,2018,0.022326446237535,0.0218215118614253,0.0228430644385691,0.0233861321914028
"Masculino",70,2018,0.0336752270909009,0.0320912387509146,0.0353373993576807,0.033387336665686
"Masculino",75,2018,0.0532164895101464,0.0513127694257023,0.0551908382158962,0.0522667739342522
"Masculino",80,2018,0.0841291254011245,0.0800871500407307,0.0883750980919979,0.0828584909899789
"Masculino",85,2018,0.140445078150381,0.130559711933786,0.151078917719045,0.132574546138651
"Masculino",90,2018,0.175038939634367,0.146341587312393,0.209363797065557,0.216723711732269
"Masculino",0,2019,0.00956959081426888,0.00895731812223565,0.0102237150788704,0.0132675217298844
"Masculino",1,2019,0.000464670183452805,0.000315634774651868,0.000684076650388768,0.000561001189870819
"Masculino",5,2019,0.000236732487890204,0.000222090103562189,0.00025234024354891,0.000243222707605791
"Masculino",10,2019,0.000450087860606646,0.000333424745543739,0.000607570628673967,0.000334704808808973
"Masculino",15,2019,0.00196945925116536,0.00180322745623977,0.0021510152413546,0.00166243520131769
"Masculino",20,2019,0.0028611782050714,0.00258255888401005,0.00316985636682341,0.00248868207339464
"Masculino",25,2019,0.00253400142727796,0.00229044081960881,0.00280346175219817,0.00234412921090513
"Masculino",30,2019,0.00290260500122733,0.00207885124726301,0.00405277472558094,0.00244345690282026
"Masculino",35,2019,0.00323575153194967,0.00263215813224376,0.00397775796532007,0.00281326519263482
"Masculino",40,2019,0.00382122763094533,0.00364848206159951,0.00400215222686296,0.00360208140826479
"Masculino",45,2019,0.00526902508025918,0.00502661493816856,0.00552312553038238,0.00497435134113222
"Masculino",50,2019,0.00752183134187301,0.00730269497842843,0.00774754346206569,0.00737330116016342
"Masculino",55,2019,0.0108871542076752,0.00916427015728912,0.0129339406965675,0.0106650953251627
"Masculino",60,2019,0.0149746370236898,0.0140993658287638,0.0159042439720085,0.0159239497138927
"Masculino",65,2019,0.0219008732077184,0.0213717812962013,0.0224430636179968,0.0233002936618778
"Masculino",70,2019,0.0331930819316771,0.0315267226347928,0.0349475174088381,0.0329968630644726
"Masculino",75,2019,0.0526188005026356,0.0506090088189907,0.0547084053007024,0.0518617482735885
"Masculino",80,2019,0.083330040674314,0.0790572372886963,0.0878337760959891,0.0822478993861486
"Masculino",85,2019,0.140445078150381,0.129903436841351,0.151842171818412,0.133128731071637
"Masculino",90,2019,0.171364020482482,0.138052893461423,0.212712872433392,0.2182456976121
