sexo,idade,sMAPE_ARIMA,sMAPE_FDM,sMAPE_LC,sMAPE_ETS,sMAPE_CNN_GRU,sMAPE_CNN,sMAPE_GRU,MAE_ARIMA,MAE_FDM,MAE_LC,MAE_ETS,MAE_CNN_GRU,MAE_CNN,MAE_GRU,RMSE_ARIMA,RMSE_FDM,RMSE_LC,RMSE_ETS,RMSE_CNN_GRU,RMSE_CNN,RMSE_GRU
Ambos,0,13.7145849053399,4.38442831395021,4.88331193896745,10.453924521218,8.721478173284012,13.590067708481325,13.933317585024469,0.0016027071247211,0.0005681501329925,0.000640655725449,0.0013501511884647,0.0012456660759405,0.0019940757344006,0.0020497410664699,0.0018354240234417,0.0007294858259275,0.0007103689419707,0.0013846776781434,0.0012719850538612,0.0020554043551927,0.0021857755586806
Ambos,1,8.07171228467428,15.7156938167598,3.98772651822139,2.64133125778662,7.730457141805498,11.974173883945854,13.2775580994103,3.92889155647713e-05,8.79741392918241e-05,2.09061505633502e-05,1.40598122271594e-05,4.41544028558597e-05,7.002977081538306e-05,7.832144257420936e-05,4.92440560887635e-05,8.8981235194962e-05,2.54504880519716e-05,1.6656820699105e-05,4.525622791967645e-05,7.203182085239227e-05,8.367023811737004e-05
Ambos,5,2.20971210238657,11.0098257995504,4.97180324534201,2.35014600174753,9.191302550155104,12.125952424205972,11.569789961012717,5.23040917503168e-06,2.62257799714359e-05,1.26805210751786e-05,5.84163006521588e-06,2.402189661240024e-05,3.2270981363276715e-05,3.066207632750449e-05,6.26858282238054e-06,2.64220064051587e-05,1.32998068928773e-05,6.94686969041345e-06,2.515809396608397e-05,3.467464494704499e-05,3.301842155575778e-05
Ambos,10,8.73178754643423,14.0137138063069,1.98584895284359,1.94201318740533,2.007077663556363,3.1909760272869665,3.7865937464001234,2.84084883648843e-05,4.50872374981707e-05,6.72450779909901e-06,6.54267631531348e-06,6.778534645779711e-06,1.0885553050943327e-05,1.2975591054366288e-05,3.44677940001234e-05,4.52395750596755e-05,7.41989155035386e-06,8.94029754726783e-06,8.033283700335e-06,1.316276983171824e-05,1.640115866464333e-05
Ambos,15,6.46334934101788,6.2862092505188,11.1124426646942,5.80608419329979,10.870415169118877,9.824417426020716,7.548786916747077,7.97456317591025e-05,7.52804110570381e-05,0.0001383659277751,7.42251560815892e-05,0.00013550539693397,0.00012310818042645,9.565790113840003e-05,9.01412237584223e-05,8.4545799040777e-05,0.0001404829427141,7.63567397813057e-05,0.00013787260445964,0.00012430489315635,9.740774795005424e-05
Ambos,20,3.027033045293,1.84644678935778,4.66408355396707,0.699167155475462,2.9876250342676327,2.234670278559588,0.4998827986402495,5.05640286688398e-05,2.97903934096831e-05,7.81657892190558e-05,1.20183136070654e-05,5.046550902380702e-05,3.794878985252247e-05,8.5836557543389e-06,8.19176068549488e-05,4.02401309485448e-05,8.01209926437085e-05,1.49453122499109e-05,5.331369348693726e-05,3.95555575028407e-05,1.1292853644537004e-05
Ambos,25,2.58336113025988,5.35262259535095,3.34120705050529,2.09251236780565,1.0764556507686176,1.3883942128389837,2.2448338751779864,4.20202974903864e-05,8.64538898937666e-05,5.59747375609794e-05,3.61014488201321e-05,1.8664028803524503e-05,2.385996553808773e-05,3.8771433271655206e-05,4.72479632427919e-05,9.07061205077005e-05,5.85167775761206e-05,3.8813435593579e-05,2.335119551255655e-05,2.5640160121284743e-05,4.047691974307397e-05
Ambos,30,5.57323892085572,13.9756189169827,3.10668207050343,2.52010495480467,0.7746040072935887,4.381338435954814,1.2137168434116732,0.0001009192034277,0.0002576210946306,5.78957795475299e-05,4.7967492887917e-05,1.4552354149245715e-05,8.446274539787146e-05,2.283173007364305e-05,0.000121847781443,0.0002581395611327,5.82610215006729e-05,5.5325982163882e-05,1.81332792577712e-05,9.198311694349578e-05,2.885850233425688e-05
Ambos,35,3.20832695584943,13.5950555027018,2.01608116801656,0.862331907533363,0.915467079953188,2.5159453020535194,1.0271391383230613,6.9123396707675e-05,0.0003039793903088,4.60981045169473e-05,1.96951413555044e-05,2.128186061677842e-05,5.829865418143529e-05,2.3878842587199957e-05,8.88586796723343e-05,0.0003053725774843,4.63606609266575e-05,2.6298682229984e-05,2.359121876863568e-05,7.046930355375607e-05,2.665720384006558e-05
Ambos,40,2.53606116927229,16.0243911980081,0.438784061032373,1.27494528402658,0.4522157957852984,3.4627283794985666,0.9176170141553136,7.26830719623994e-05,0.000482243040675,1.35026174643912e-05,3.8867807536381e-05,1.377056255717616e-05,0.00010726220306113,2.7748645653370035e-05,8.48683714203778e-05,0.0004834017494232,1.43313812530724e-05,4.57839539044934e-05,1.586293206896469e-05,0.00012739035847105,3.901576377520572e-05
Ambos,45,1.49690721928594,13.8776598885421,0.250142403516409,1.16174195432598,0.7785999504218666,3.164815656705457,1.157385373464979,5.98858370459961e-05,0.0005803667413533,1.08561469079288e-05,4.96920822262866e-05,3.332881093392223e-05,0.0001374155838733,4.941391688555413e-05,7.02425414486811e-05,0.0005831287362129,1.17824912594075e-05,5.816657656181e-05,3.613785762218263e-05,0.00015310438826635,6.065589506970244e-05
Ambos,50,0.384715375700301,13.8774731897305,1.77760274447101,0.600878475063044,3.083032538183085,4.5833166755636485,2.830499626941628,2.32006588232123e-05,0.0008478576741197,0.0001103419579237,3.72119053295387e-05,0.00019230732996905,0.00028733549476445,0.00017579108819061,3.31616736508664e-05,0.0008498620967371,0.0001136162058373,4.66234207808901e-05,0.00019468547847801,0.00030603053854559,0.00018203703952321
Ambos,55,0.842865770540406,12.2898178713272,1.10991577004493,0.915257619833948,0.1563651673514495,1.9643504156244,1.9347482957312905,7.09204724108909e-05,0.0010862145796088,9.83519991420503e-05,8.10195865475916e-05,1.3866728586264202e-05,0.00017677539481414,0.00017205018789075,9.20513625319548e-05,0.0010887403883741,0.0001063067306333,9.12005282376392e-05,1.941960079083761e-05,0.00020945961347137,0.00017211902067297
Ambos,60,3.59767666092442,5.0448371858522,1.85735745286942,1.08266273426879,0.4798938034933817,1.915294683445152,0.8013453475922465,0.0004389291657217,0.0006461521680741,0.0002368552259991,0.0001380386203694,6.150858635885778e-05,0.00025037620051775,0.00010405558645571,0.0005320044453137,0.0006478146043078,0.0002808653144672,0.0001917690210334,8.799065913924971e-05,0.00028086474956772,0.00011684015836896
Ambos,65,2.19964542664109,7.53199400895767,1.22517751719177,0.645060533326668,2.216713934609575,4.011778299288049,3.2674275094046257,0.0003998478087904,0.0014436803539807,0.0002388739594742,0.0001229117678792,0.00043058111031357,0.00078567970446937,0.00063708125769232,0.0005101474826393,0.0014445824085187,0.0002782403448906,0.0001572420654177,0.00044198838114812,0.00084287297852949,0.00068302501619199
Ambos,70,0.302911204325958,12.1162282304008,0.422696575995354,0.688239713381665,0.6395035675540317,2.3701939988580385,2.3635784766363788,8.36168971000643e-05,0.0034012579532191,0.0001170958194605,0.0001925790455523,0.00017771272257147,0.00066535434089241,0.00066338023713867,0.0001168138924639,0.0034073345597883,0.0001337181684829,0.0002111403859327,0.00020144420171337,0.00076253153862663,0.00079195090125643
Ambos,75,0.31153915488811,3.804855650014,0.882890055092684,0.503524925121876,1.475001179665835,3.0711294255035817,3.058255151232503,0.0001361024605643,0.0016652455842874,0.0004010260239886,0.000224105249067,0.00066759992000848,0.0014023098199994,0.0013958294233558,0.0001558058153341,0.0016742108237256,0.0004253758001237,0.0002844757852889,0.00069522464703563,0.0014467875818563,0.0015408836231948
Ambos,80,0.523080670477343,6.29831289753239,2.11111350503432,3.59627000111921,2.9186019156936127,4.213208647606383,4.4385894327478566,0.0003791312935442,0.0046046856849447,0.0015645878926485,0.0026836040810089,0.0021709587981114,0.0031554046255953,0.0033280669926722,0.0004788273764746,0.0046102609473446,0.00159833351781,0.002865630338374,0.00222543507925,0.0032827874239786,0.0034741316270449
Ambos,85,0.71460832359299,1.78278805596849,2.04295120277717,1.15193133804614,0.7360052403542864,0.5668700772338636,0.4260956167282692,0.0008548155140749,0.0021256568626704,0.0024863819147066,0.0014240454842836,0.00090151511583663,0.00069712348279185,0.00052444133863966,0.0010798608201525,0.0022431583640912,0.0025227040864938,0.001598285579566,0.00093647594431164,0.00078871299599664,0.0006018946974635
Ambos,90,1.73435412193813,3.37234116090324,1.10435603296713,1.27441435848251,1.167546805598722,1.130913269562424,1.1963771802071013,0.0033868600351755,0.0065875576254598,0.0021321020622599,0.0024620598393384,0.0022531602312477,0.0021825698589926,0.0023080810705171,0.0036198012749551,0.0066126991036073,0.0024465722318631,0.0026999915167779,0.0025280011795349,0.0024538839280042,0.0026753669573411
Feminino,0,12.4836769916687,9.13146313136189,4.47342473990003,10.2827231776252,2.8542106776003062,2.147102252238884,6.285015039379664,0.0013429373868332,0.0010992592189729,0.000537316562947,0.0012124127957811,0.00035457476492353,0.00027100946359558,0.00080204975587806,0.0015472810267387,0.001194270885706,0.0005730098924936,0.0012290677901752,0.00041743484944669,0.00027863972806585,0.00086393979811281
Feminino,1,14.4201270366015,13.7389010843631,3.71025960703296,5.37570568188029,4.61973068609557,2.9251943314953515,7.219556779302692,6.35391027449183e-05,7.01913290039906e-05,1.81750846256262e-05,2.64278546566391e-05,2.428767003247867e-05,1.5377214325860376e-05,3.844510824814443e-05,7.18381298165027e-05,7.08707421746233e-05,2.27244065790262e-05,2.92408323882152e-05,2.4466648846848452e-05,1.6129014520369317e-05,3.884898668576998e-05
Feminino,5,4.07940933846372,16.1236544804079,5.49688281964563,3.23432477351897,9.283489287336517,9.635384168915948,9.47662368932713,8.62320756319768e-06,3.48512910591525e-05,1.23226585976793e-05,7.12093697103044e-06,2.1255918522381143e-05,2.2109113638084736e-05,2.171723336611097e-05,9.71028536253361e-06,3.49652118892029e-05,1.28876654894659e-05,7.98919836228735e-06,2.2389640330803503e-05,2.3299832540516018e-05,2.320860578101159e-05
Feminino,10,0.965628602805519,6.35447009258506,0.829002683175425,0.512648934780354,4.686590535782993,4.511728335009785,5.732710320985652,2.35399571998683e-06,1.58442422049839e-05,2.14009945187084e-06,1.32878817064301e-06,1.2301216426327465e-05,1.1836945845374272e-05,1.51429239878712e-05,2.75960798962921e-06,1.59913251221296e-05,2.5609028673036e-06,1.4429230216301e-06,1.3183867458036452e-05,1.2349740768237188e-05,1.5802119552891166e-05
Feminino,15,12.7671712907939,5.28489300228217,4.55655451583791,6.17157194492961,2.425320418268105,2.6798742507924813,2.168593663019161,6.38437865132559e-05,2.44471586819385e-05,2.19944338850035e-05,3.11201066508184e-05,1.1924603795683648e-05,1.3153583181103089e-05,1.0667382070912709e-05,7.44717979117439e-05,2.44635444288905e-05,2.2706999175788e-05,3.75012644506459e-05,1.4333841763002888e-05,1.586153148000018e-05,1.248879616263471e-05
Feminino,20,1.57071843574872,4.15742121331692,2.3831253186868,2.61559284590509,0.8891284434194349,1.5828115333931474,2.00234562410446,8.97566995749058e-06,2.39260002795417e-05,1.36328345643066e-05,1.5266399911544e-05,5.135087991257263e-06,9.155465665661336e-06,1.1603921531877397e-05,1.02603212904037e-05,2.83471009898119e-05,1.40658909254576e-05,1.61025363704347e-05,5.808395415154148e-06,1.0628922980555304e-05,1.3934692234583824e-05
Feminino,25,1.06941509466425,10.3742895144743,1.22014967216854,0.65378883421551,4.774654266145674,3.831961205201594,5.79323478436884,7.26450457769698e-06,7.17488002165854e-05,8.39606217876304e-06,4.56151337147791e-06,3.423816286999746e-05,2.735291515534085e-05,4.175783923064414e-05,7.99203595237862e-06,7.20744179019675e-05,1.03080367447566e-05,5.57710477851335e-06,3.445538702849387e-05,2.7514956958659133e-05,4.208883619419537e-05
Feminino,30,4.30053527693387,7.42495036718342,3.55452288481341,2.06920018743867,2.4836912653680203,1.5973832237953969,3.2297215206028764,3.9576315796734e-05,6.81746818420982e-05,3.31388580395539e-05,1.97462134896873e-05,2.379717950282099e-05,1.5223263524082004e-05,3.1070745123525285e-05,4.506949937425e-05,6.93769349301184e-05,3.34667015679766e-05,2.22253244292289e-05,2.534548714975185e-05,1.6654142657603795e-05,3.360676571097623e-05
Feminino,35,4.48080581882641,6.36576072408477,3.15361160441108,3.23098565901983,1.7235703216989398,0.8050406466894484,2.1315114028719795,5.60560434504382e-05,8.24990844003082e-05,4.12184105274457e-05,4.22390727015826e-05,2.3394495723199564e-05,1.0833210531225396e-05,2.883757323168118e-05,5.96697000954832e-05,8.26989473248759e-05,4.6396801485045e-05,4.70201935513009e-05,2.4993987612958343e-05,1.1308924053683818e-05,2.9116317071114292e-05
Feminino,40,1.00614340566568,8.73180755171283,1.48931274790799,0.54401532442243,1.917490030968465,2.7714292651623005,4.182880594790614,1.85766212729409e-05,0.0001671499675498,2.88614853181258e-05,1.06244061478536e-05,3.766088862207568e-05,5.47797123970395e-05,8.336601436102851e-05,2.2500390396343e-05,0.0001678944124043,3.14407232166404e-05,1.35624196045532e-05,4.284768556215385e-05,5.94795531136374e-05,8.790129504741627e-05
Feminino,45,1.60589003313468,9.64804115002536,0.968981313431893,0.394216229995154,1.5777400847546843,1.1422095623616135,4.221415092044307,4.34610646826188e-05,0.0002725563269366,2.78402526921459e-05,1.14911755500649e-05,4.596873059935886e-05,3.3088743229922504e-05,0.00012475556066599,4.93775190608001e-05,0.0002727290635873,3.01993272218242e-05,1.4365526989615e-05,4.9204244975097294e-05,3.77282445833193e-05,0.00013115031517019
Feminino,50,1.98294788431795,10.1123265738113,1.00707095913467,0.916679679665713,2.2639106052734936,1.8483165194182325,4.992625220792181,7.85426286061561e-05,0.0004238315050144,4.2966343254195e-05,3.91776823577298e-05,9.716951070096853e-05,7.955928271474668e-05,0.00021731218738867,9.42689928242226e-05,0.0004239079187296,4.52076442422765e-05,4.41110710468165e-05,0.00010185962442299,8.696229174232638e-05,0.00022054149340995
Feminino,55,0.807429978524093,7.86214447726086,2.03653521598505,0.487954744732696,0.8693631407214248,1.3929371150327972,1.4726974763942249,4.89420573472116e-05,0.0004865550210848,0.0001280213965103,3.12021269097248e-05,5.51672214341532e-05,8.766367195771818e-05,9.421374944900143e-05,5.83628820442118e-05,0.0004870268591672,0.0001363748480135,3.26889953517714e-05,5.782300499314238e-05,0.00010069364216185,0.00010643915356416
Feminino,60,4.21347333976227,4.16406717579037,1.42431209457077,1.41811520525723,0.4033810588413399,0.8922658998886838,1.4792099014171216,0.0003756320804522,0.000391419026457,0.0001334992819876,0.0001329422673969,3.851952206848424e-05,8.420483065242883e-05,0.00014212872933944,0.0004638310061128,0.0003993916326826,0.0001727283697661,0.0001717210071024,4.6385653379857214e-05,0.00011245187344959,0.00015909758340724
Feminino,65,1.88011060684541,9.27493168540883,0.982965986467606,0.538765025635599,1.8003630916258009,2.4298286622599825,3.0420141130927085,0.0002617397676142,0.0013716713804784,0.0001476516901206,7.93253216769358e-05,0.00026793574098236,0.0003646462008128,0.0004561806313744,0.000346214188097,0.0013733747192051,0.0001774162221339,9.75162052340199e-05,0.00029891263076391,0.00039027507399751,0.00049591928080924
Feminino,70,0.714691311033073,7.32449390658759,0.861888135800329,0.494806860173018,0.7395873620859135,0.8238496648975747,0.882122135206632,0.000148186380691,0.001553864352597,0.0001837428388556,0.0001066335453012,0.00015932232325947,0.00017681554935582,0.00018998401184655,0.0001607898747909,0.0015540807403747,0.0002122831523639,0.0001171512856681,0.00017245740576037,0.00020424320119401,0.00019662670160658
Feminino,75,1.07502830452201,6.01725799216054,0.595399616659032,0.992837175598172,0.3206126725535566,0.405813763688104,1.4860173738969404,0.0003848335796293,0.0022123560115296,0.0002233323647025,0.0003662623598103,0.0001200605881201,0.00015119165696938,0.00055783034675635,0.0004433891446956,0.002234633897903,0.0002489620745018,0.0004345065803261,0.00015186289081502,0.00019154488204594,0.0005869292976434
Feminino,80,0.88622147637663,5.75602190733077,1.39089479026114,0.786888472437921,1.6602840955791511,1.4968849857440103,2.2554338245100385,0.0005546479385504,0.0037033665609588,0.0009063700494135,0.0005112315527803,0.001081713911768,0.00097401617864452,0.0014729434608941,0.0006639024015374,0.0037124988232532,0.0009391353900583,0.0005676411424647,0.0011118539546079,0.001039413573922,0.0015417342067942
Feminino,85,0.753601465195441,1.31061910656683,2.49290619312056,0.993844082722298,1.4529615376087155,1.6759044874217484,0.5113696774977293,0.0008436753014979,0.0014359149728216,0.0027990282420282,0.0011357158823226,0.0016389345356745,0.0018883777673669,0.00057997099331002,0.0009661072036073,0.0015781418597751,0.0028641408260162,0.0012993834514532,0.001712297475831,0.0019699348960411,0.00060138582719814
Feminino,90,1.29357547410366,1.28223520108616,0.990826250724457,0.953672008905173,1.0041746629076864,0.998953229391044,0.94201910132752,0.0024249957156711,0.0024172137829158,0.001842943008046,0.0017761160516585,0.0018689813005593,0.0018593425328555,0.0017541398360877,0.0026482552809555,0.0024844198879933,0.0022485458842917,0.0019237281197438,0.0021204980343987,0.0021106035342141,0.0020244900152484
Masculino,0,17.3979557471551,4.57776684176711,5.217384493802,10.9066573796709,5.419252949612519,2.91091145772579,8.710745511537482,0.002180474354313,0.0006152240213772,0.0007403118337417,0.0015237733691033,0.00082055631573018,0.00043164668382007,0.0013492851883945,0.0023912067643561,0.0007159590243784,0.0008478167567187,0.0015800966203663,0.00090506362629941,0.00051331503028236,0.0014135159850961
Masculino,1,5.89564369883753,17.2356685420529,4.46939616004009,0.824551622631128,10.212643075967842,3.0927111686193727,6.209868347474771,3.07766852780067e-05,0.0001043903268245,2.50106830788692e-05,4.62900975598595e-06,6.282199242461058e-05,1.8687076662586007e-05,3.749880975946953e-05,4.49203002792156e-05,0.0001071269206451,2.86931977837749e-05,7.63659781232243e-06,6.548624743237963e-05,2.181788438093642e-05,3.788845053188869e-05
Masculino,5,1.63027493848651,10.1180078324387,4.52675921796221,1.69711859707864,11.79758072096448,6.295419132300198,9.726050358294698,4.25849758779675e-06,2.67256396692403e-05,1.28651812552854e-05,4.65497464104386e-06,3.500749403519406e-05,1.8059777652068145e-05,2.848222799596864e-05,4.76528728915055e-06,2.73956776912485e-05,1.36634627112817e-05,6.1100781861351e-06,3.755467072459032e-05,1.9346554342821376e-05,3.1204066531280425e-05
Masculino,10,13.6419945019012,21.082210765569,3.5123134540253,2.97937380507478,2.7484067811621635,4.9271093974198505,2.5657377190276818,5.5136273436422e-05,8.35676944886077e-05,1.45481626418703e-05,1.24441399055703e-05,1.1455227095236826e-05,2.09305152055013e-05,1.0698629412831586e-05,6.77270063594886e-05,8.48100320030464e-05,1.5510062924199e-05,1.79249936845084e-05,1.4937896590204028e-05,2.3563546981200698e-05,1.3368385672041356e-05
Masculino,15,8.00658833771923,8.47550602115325,12.2130580977979,7.61450331513729,8.412615648118303,7.492363037586784,10.796002800450628,0.0001589047317039,0.0001628726842872,0.000245114226284,0.0001563766097791,0.00017204975642415,0.00015396402514319,0.00021816375736714,0.0001753599260338,0.0001892930069568,0.0002501377067936,0.0001624397328081,0.0001764666390629,0.00015980972012318,0.00022488838284669
Masculino,20,2.74604944988003,6.16523138432752,4.99872924749009,0.584022058740055,0.8032246695839984,1.1868266147451632,3.551356609170564,7.50613467827888e-05,0.0001700262239091,0.0001395881999503,1.67236705073076e-05,2.304360366137939e-05,3.3922105343622746e-05,9.960389290979274e-05,0.0001390076958568,0.0002433076231332,0.0001434185992994,1.71642211653313e-05,2.92877483026149e-05,4.1144684303322575e-05,0.00011300842800236
Masculino,25,2.08834345589192,8.76984858626522,3.65880777675644,0.223779695315402,1.7265351204547446,2.8232945651136045,2.0302821779793243,5.33190249127065e-05,0.0002296395263099,9.82097688647695e-05,6.15398987064461e-06,4.767964947910734e-05,7.560585056232475e-05,5.4706627543877067e-05,7.55867194479372e-05,0.0002561213327298,0.0001018737109411,7.04055019241505e-06,5.095555592999139e-05,8.946606442588712e-05,6.400685364698253e-05
Masculino,30,7.67521413676907,17.7401339929159,2.91754557299046,2.79265800301464,5.518107603312466,5.509165506581451,0.666147507879062,0.0002123946744942,0.0005006533565706,8.26841079737036e-05,8.07430168307736e-05,0.00016251915997918,0.00015048042626646,1.909494774516153e-05,0.0002562210886015,0.0005081056607756,8.32799494070247e-05,9.37535104084629e-05,0.00018439571974512,0.00017613821500004,1.9857562121211964e-05
Masculino,35,6.36481160603404,17.0231471915018,1.52103969514175,2.45568495881816,1.6694596524326368,6.140391820659635,0.7985838352291211,0.0002004224608985,0.0005496956218682,5.0845408663849e-05,8.16535536948642e-05,5.566164483492258e-05,0.00019376207595807,2.695096964620055e-05,0.0002427676397303,0.0005548708892993,5.45020905931006e-05,0.000102811244154,6.370058700040854e-05,0.00021923708220042,2.984516170340759e-05
Masculino,40,2.72428402157141,18.2135381562946,1.21026789579873,1.9797263821647,3.223052904613355,2.126503407163392,1.806613138780155,0.0001063231995465,0.0007546191021229,5.09324897502775e-05,8.39053166228282e-05,0.00013779889418981,8.783420215893257e-05,7.62511889750195e-05,0.0001284096305997,0.0007591603668844,6.13225943567083e-05,9.76205402719818e-05,0.00016100043359964,9.987501476283396e-05,9.613713626526916e-05
Masculino,45,2.6275959616995,15.8574953232224,0.694696251223985,1.07865329720051,1.4453883432552148,1.1590649224837055,1.9561949667802472,0.0001412715019029,0.0008940837391363,4.01599851198909e-05,6.23190762684479e-05,8.385808667776698e-05,6.613742284779429e-05,0.00011344967586979,0.0001702270513431,0.0009007425585948,4.47710297068387e-05,7.31306035923157e-05,9.884365508627788e-05,8.47562569307002e-05,0.00014208935438525
Masculino,50,1.48441677899237,13.1566358191484,2.50883792026132,1.02685286962493,3.732573436881754,1.999495459369832,4.405436244105236,0.0001164156404999,0.001066422903919,0.0002087859309877,8.46387054735044e-05,0.0003117598198502,0.00016689466773232,0.0003695185871576,0.0001242980506338,0.0010686383229592,0.0002122774532468,9.05171937439103e-05,0.00033006799676174,0.00017552645598002,0.00038618344289675
Masculino,55,0.974052289905448,14.3972819193703,0.560583277845244,0.25213506502665,1.185058044176136,0.7678346621142998,2.500209369190648,0.0001079658510541,0.0016972863176693,6.58857724234038e-05,2.94646570146552e-05,0.00014034331875918,8.988710163242413e-05,0.00029911335492889,0.0001430374623777,0.0017071942356461,7.39719691589972e-05,4.5486022285576e-05,0.00015031150927084,0.00011621911016462,0.00030390521050884
Masculino,60,3.36807082055863,6.39991544487819,2.39308138320807,1.33731743173514,0.3574687240685148,1.0363758662185187,1.548857151852264,0.0005378460477797,0.0010741959581755,0.0003965023975033,0.0002218547697009,6.07779239053816e-05,0.00017318615974755,0.00025936149961673,0.0006376879100559,0.0010777373646704,0.0004469212137281,0.0002916327688381,7.699758236108069e-05,0.00023956889523619,0.00027257104073325
Masculino,65,2.62799278860573,4.63404285008772,1.39081162111013,0.740902061218609,0.8392808507350744,2.32251889063503,0.6163947376965833,0.0006081683922116,0.0011204637398516,0.0003431757599505,0.0001788130956867,0.00020263417534571,0.00055003237255212,0.00015046653649362,0.0007721165709049,0.0011293921720263,0.0003830663224381,0.0002428267681771,0.0002365154683878,0.00076516718472118,0.00019400964692893
Masculino,70,0.615876113199972,12.4956270914278,0.235822834234414,0.631128919328621,1.2116857060881037,1.9310691203376096,0.7219568859150733,0.0002142667341851,0.0044895152869721,8.44792653499193e-05,0.0002258599202323,0.00043166384711044,0.00066861708001692,0.00025840698757918,0.0002282926132066,0.0045125889635749,0.0001220865933622,0.0002456754900358,0.00044820137256251,0.00088894102476752,0.00028173750862561
Masculino,75,1.26132672752555,4.05189637977612,1.9414273966373,0.9190742577806,0.5280238497423333,0.7269727418511237,2.4588545125391605,0.0006818918434223,0.002179817539272,0.0010857190032136,0.0005105717750312,0.0002922403910605,0.00039486017272276,0.0013756647906595,0.0007017610118589,0.0021817533809382,0.001089560944086,0.0005213547770526,0.0003620597603717,0.00055516050634899,0.0014568974873931
Masculino,80,1.35756841635224,4.60245252414389,2.9868523200671,3.6727585960356,3.44240240881061,1.9971245438190324,3.85582116405092,0.0011585317268242,0.0039256068846136,0.0026215549913911,0.0032339167788076,0.0030273242549129,0.0017459277275165,0.0033993208376636,0.0012031929208539,0.0039288072034923,0.0027016135399533,0.0034934941905657,0.0031966756391714,0.0018049319832291,0.0035627579729738
Masculino,85,2.97325740361513,3.35744862544161,1.50902934098886,1.23721865033586,0.5143157650304888,0.2662466586977383,0.8930473749138289,0.0040897165855474,0.0045688308277502,0.0020777352913504,0.0017242756002946,0.00071381369035211,0.00037019028028452,0.0012323667429527,0.0048589435910722,0.0048103862280739,0.0020925840580132,0.0019273277196885,0.00088496516633389,0.00045283111918911,0.0012944094320149
Masculino,90,13.2240565062139,10.2342828869606,1.82826735531702,1.51400027998001,2.473027987151473,3.275131852086673,2.46032536872318,0.0260398347196799,0.0210386631158899,0.0037684628000797,0.0031167355246972,0.0050482376926014,0.0066484742628372,0.0050231440379914,0.0299487524462426,0.0212271113733385,0.0043320289124185,0.0042367691063251,0.0065905901115098,0.0081719023054474,0.0065134153670612
