"idade","ano","previsto","inferior","superior","sexo","observado"
0,"2016",0.0117138769042545,0.0114253556766727,0.0120096840755846,"Feminino",0.0112441653700822
1,"2016",0.000514596454304439,0.000476236249641713,0.000556046523090011,"Feminino",0.000482658039132429
5,"2016",0.000201804664660157,0.000189984434081101,0.000214360312599155,"Feminino",0.000202804625956757
10,"2016",0.000252431396344567,0.000245419646276,0.000259643475277468,"Feminino",0.000244120631469099
15,"2016",0.000454290478704786,0.000434614774971803,0.000474856932913091,"Feminino",0.00046653646507089
20,"2016",0.000568839465519706,0.000554093349746445,0.000583978020455967,"Feminino",0.000560695295280403
25,"2016",0.000701918948218159,0.000674629738152266,0.000730312024514528,"Feminino",0.000670650802859736
30,"2016",0.000936041285614712,0.000909425683821332,0.00096343582984553,"Feminino",0.000903234177756624
35,"2016",0.00136713313410318,0.00128533211690908,0.00145414012594459,"Feminino",0.00129813036448878
40,"2016",0.00193670914381293,0.00187866463339303,0.00199654703721882,"Feminino",0.0018801837204144
45,"2016",0.00281634030519815,0.00278117518599712,0.00285195005140961,"Feminino",0.00276913102869272
50,"2016",0.00422814508645228,0.00408913506154313,0.00437188075302757,"Feminino",0.00410540216228509
55,"2016",0.00626606959263264,0.00613048088954754,0.00640465713002381,"Feminino",0.00613897417303654
60,"2016",0.00944650183685993,0.0091886836171191,0.00971155398010929,"Feminino",0.00934098078133144
65,"2016",0.0144911914040873,0.0143346665759208,0.0146494253771231,"Feminino",0.0143617906818095
70,"2016",0.0210934327053738,0.0207774245782924,0.0214142470651048,"Feminino",0.0209030466156008
75,"2016",0.0367626109419027,0.0364528480379168,0.0370750060971898,"Feminino",0.0364720048033259
80,"2016",0.0644314196992052,0.0635055076661219,0.0653708315549733,"Feminino",0.0633300542074554
85,"2016",0.112231724423061,0.111032326334365,0.113444078700487,"Feminino",0.111580109134992
90,"2016",0.19061231262271,0.184888207606365,0.196513634881097,"Feminino",0.190299559143387
0,"2017",0.0114358153489878,0.011134608368475,0.0117451704063892,"Feminino",0.0118457403996224
1,"2017",0.000505436765456162,0.000466120762999392,0.000548068964426544,"Feminino",0.000490680211321701
5,"2017",0.00019920852105344,0.000186518034920107,0.000212762454190004,"Feminino",0.000196982846615696
10,"2017",0.000250359450606255,0.000242735893868642,0.000258222438836284,"Feminino",0.000244127193706332
15,"2017",0.000448535051167873,0.000427074429908157,0.00047107407523656,"Feminino",0.000455357438602881
20,"2017",0.000564669609287387,0.000547903047489117,0.000581949250171133,"Feminino",0.000557609350752891
25,"2017",0.000697195478723295,0.000668833891719223,0.000726759725501862,"Feminino",0.000656820426420847
30,"2017",0.000926861946484934,0.000898423302316175,0.000956200786007121,"Feminino",0.000885300082678025
35,"2017",0.00135819629023274,0.00127415244671413,0.00144778371501716,"Feminino",0.00126506929479191
40,"2017",0.00191975200073696,0.0018585202806234,0.00198300109111392,"Feminino",0.00184222125357385
45,"2017",0.00278738793640643,0.00275052789164553,0.0028247419455819,"Feminino",0.00272302739757205
50,"2017",0.00419663068875223,0.00405141340309382,0.00434705308629528,"Feminino",0.00402321274511456
55,"2017",0.00620448451574299,0.00606360282456947,0.00634863945080832,"Feminino",0.00599354483113515
60,"2017",0.00935766512787715,0.00909027978271024,0.00963291545899818,"Feminino",0.00922338322135395
65,"2017",0.0143801802972488,0.0142132591102017,0.0145490618146093,"Feminino",0.0141235800508043
70,"2017",0.0209518080269157,0.0206131403592011,0.0212960399020803,"Feminino",0.0205736387689359
75,"2017",0.0365671108310798,0.0362311004227361,0.0369062374294702,"Feminino",0.035936673507818
80,"2017",0.0641965737529548,0.06313896406793,0.0652718989368378,"Feminino",0.0625697982042192
85,"2017",0.111718580585489,0.110256898954385,0.113199639808481,"Feminino",0.109264525517984
90,"2017",0.191016806723904,0.184912386696477,0.197322748912919,"Feminino",0.188929447183116
0,"2018",0.0111657307001579,0.0108359950313827,0.0115055001139604,"Feminino",0.0115660615701648
1,"2018",0.000496076860729224,0.000454258058999107,0.000541745483378305,"Feminino",0.00047500172266825
5,"2018",0.000196868931408697,0.000182570172312706,0.000212287558603048,"Feminino",0.000195505270313915
10,"2018",0.000248277685596812,0.000239690056332606,0.000257172992941236,"Feminino",0.000239960725398453
15,"2018",0.000443294562035334,0.000418772773921301,0.000469252255560979,"Feminino",0.000446617361625855
20,"2018",0.000560774878617815,0.000540513469396574,0.000581795796578197,"Feminino",0.000556124308511958
25,"2018",0.000692404968005795,0.000661812196845421,0.000724411913235084,"Feminino",0.000644719598209975
30,"2018",0.00091754836917132,0.000885408441024206,0.00095085496225344,"Feminino",0.000868724351469502
35,"2018",0.00134839579805639,0.00125968990127564,0.00144334826084971,"Feminino",0.00123483820321334
40,"2018",0.00190234223849835,0.00183487129035023,0.00197229419382553,"Feminino",0.00179901836688201
45,"2018",0.00275982067824115,0.0027192663349372,0.00280097983716749,"Feminino",0.00265208163112524
50,"2018",0.00416550701057793,0.0040076253446422,0.00432960847459732,"Feminino",0.00392767109644891
55,"2018",0.00614391310867953,0.00599080049464074,0.00630093896813498,"Feminino",0.00586148485455785
60,"2018",0.00927065904133123,0.0089812683451148,0.0095693743642973,"Feminino",0.00910904821087955
65,"2018",0.0142759660294558,0.0140887122824447,0.014465708574951,"Feminino",0.0139593239896324
70,"2018",0.0208218986930719,0.020441224326442,0.0212096623108687,"Feminino",0.0202665618718869
75,"2018",0.0363853401580809,0.0360002727249271,0.0367745263635898,"Feminino",0.0354036264134805
80,"2018",0.063934903910694,0.0626897391423069,0.0652048005621874,"Feminino",0.06206141626521
85,"2018",0.111262991389726,0.10945100438041,0.113104976268323,"Feminino",0.108082008616847
90,"2018",0.191464702099208,0.18492255616202,0.198238294509729,"Feminino",0.189484833941721
0,"2019",0.0109028422160367,0.0105298793533788,0.0112890152297565,"Feminino",0.0111103224066213
1,"2019",0.000486666760269109,0.000440739737398014,0.000537379581312738,"Feminino",0.000453608731871651
5,"2019",0.000194695235549443,0.000178168461599836,0.000212755020755526,"Feminino",0.000199794835854554
10,"2019",0.000246196916583496,0.000236340333461364,0.000256464568901566,"Feminino",0.000235980942429496
15,"2019",0.000438388713145325,0.000409754718552275,0.000469023674680871,"Feminino",0.00043494563935497
20,"2019",0.000557059605344695,0.000532114673450496,0.000583173927331393,"Feminino",0.000563196357972924
25,"2019",0.000687586479547494,0.000653529476423372,0.000723418275551877,"Feminino",0.000649037758306511
30,"2019",0.000908190030359434,0.000870546441501684,0.000947461378190786,"Feminino",0.000866968182597344
35,"2019",0.00133809348400007,0.00124208158171905,0.00144152702872012,"Feminino",0.00122439416012776
40,"2019",0.00188471971353572,0.00180806924734561,0.00196461966476395,"Feminino",0.00179304912418174
45,"2019",0.00273319994090564,0.00268689117740458,0.00278030683929025,"Feminino",0.00262000457348761
50,"2019",0.00413471468786988,0.00395746871359946,0.00431989910402541,"Feminino",0.00387039092366506
55,"2019",0.00608418519381865,0.00591133981421435,0.00626208450809587,"Feminino",0.0058013197946986
60,"2019",0.00918507635596963,0.00886015701866171,0.00952191112271455,"Feminino",0.00902671271826711
65,"2019",0.0141762018019877,0.0139586756538936,0.0143971177863585,"Feminino",0.0139665044856012
70,"2019",0.0206994919891736,0.0202584534117744,0.021150132238665,"Feminino",0.0200358084091665
75,"2019",0.0362123578830078,0.0357571192511843,0.0366733923455984,"Feminino",0.0350597318216265
80,"2019",0.0636571342007473,0.0621880194269657,0.0651609549876555,"Feminino",0.0618696550980123
85,"2019",0.110843552137851,0.10863812603861,0.113093749851409,"Feminino",0.108013218777689
90,"2019",0.191940235692157,0.184925506283632,0.199221052941475,"Feminino",0.189993298255459
0,"2016",0.0131484962456462,0.0124848253381901,0.013847446707399,"Masculino",0.0135205973397519
1,"2016",0.000599273084464218,0.000527553081815572,0.000680743307436133,"Masculino",0.000547895048028865
5,"2016",0.000250418415501521,0.000237395755330049,0.000264155451032005,"Masculino",0.000254574544624785
10,"2016",0.000406557190987877,0.000393937086312273,0.000419581591292294,"Masculino",0.000379603233180083
15,"2016",0.00209449909018728,0.00198188931814881,0.00221350728248183,"Masculino",0.00214515092977761
20,"2016",0.00295320399816764,0.00285312765336262,0.00305679062221928,"Masculino",0.00289378198862236
25,"2016",0.00276966334169489,0.00269069940316432,0.0028509446344349,"Masculino",0.00268515843763769
30,"2016",0.00288420565258858,0.00274117278811905,0.00303470189200734,"Masculino",0.00271249478754558
35,"2016",0.00322560659747741,0.0031419597927728,0.00331148028871106,"Masculino",0.00310993240598961
40,"2016",0.00415083140169125,0.00400823923057405,0.00429849625587308,"Masculino",0.00396177403582487
45,"2016",0.00561784321777438,0.00550402942658515,0.00573401048094948,"Masculino",0.00545824255628177
50,"2016",0.00809505144774512,0.00785796469067866,0.00833929147319455,"Masculino",0.00781993137467045
55,"2016",0.0119387169688855,0.0113560783765551,0.0125512486033398,"Masculino",0.0113042803424906
60,"2016",0.0168208791528257,0.0162963844699203,0.0173622545538378,"Masculino",0.0165607458082245
65,"2016",0.0241231371551356,0.023524726599358,0.0247367697876398,"Masculino",0.0239560642409194
70,"2016",0.0354219410153318,0.0343169599014845,0.0365625017162247,"Masculino",0.034507055246693
75,"2016",0.052616530419943,0.0510338632800157,0.0542482793874023,"Masculino",0.0536727922224078
80,"2016",0.0869482392225847,0.0843138988458033,0.0896648880836817,"Masculino",0.084518761697297
85,"2016",0.136375425653196,0.133946650061805,0.138848240799667,"Masculino",0.136130545446371
90,"2016",0.20518494026607,0.198351427854002,0.212253877713346,"Masculino",0.213843239645728
0,"2017",0.0125020568462761,0.0118243002956513,0.0132186616949337,"Masculino",0.0138348693738661
1,"2017",0.000585516402979024,0.000512825907862127,0.00066851041045622,"Masculino",0.000550063955519368
5,"2017",0.00024216717861033,0.000228411901825608,0.000256750816955513,"Masculino",0.000251601177568536
10,"2017",0.000403628180637412,0.000389913196401405,0.000417825581971198,"Masculino",0.000364126766652861
15,"2017",0.00210593877531192,0.00195706952227368,0.0022661321301503,"Masculino",0.00208299015362052
20,"2017",0.00298251247287769,0.00285851761281299,0.00311188589883037,"Masculino",0.00287377991422719
25,"2017",0.00277103404990813,0.00268222349335535,0.0028627851947358,"Masculino",0.00262423261934667
30,"2017",0.00287564203111483,0.00272580048850758,0.00303372059913372,"Masculino",0.00263084755725137
35,"2017",0.00318535049136635,0.00309734299087799,0.00327585862551557,"Masculino",0.00301870070986003
40,"2017",0.00409849835595718,0.00394935939580369,0.00425326922427767,"Masculino",0.00383364674497096
45,"2017",0.00553052366323962,0.00541029842591251,0.00565342049214126,"Masculino",0.00529782126541753
50,"2017",0.00799303011825,0.00774052132028556,0.00825377617704109,"Masculino",0.00765941016976272
55,"2017",0.0118694381249164,0.011272840521601,0.0124976097312171,"Masculino",0.0110814293537621
60,"2017",0.0166602902178299,0.0161075217215172,0.0172320282996443,"Masculino",0.0164329561480826
65,"2017",0.0238124505564639,0.0231789489502191,0.0244632663336825,"Masculino",0.0237002180266519
70,"2017",0.0351401771224071,0.0339920305402618,0.0363271045762197,"Masculino",0.0339966389886845
75,"2017",0.0517950601887611,0.0501130453884947,0.0535335308233592,"Masculino",0.0530386482350519
80,"2017",0.0865628769513035,0.0836719889478397,0.0895536458534247,"Masculino",0.0837252295000329
85,"2017",0.135815059385046,0.13283395887226,0.138863062671361,"Masculino",0.134126472285394
90,"2017",0.204458244209403,0.197011066907928,0.212186930822157,"Masculino",0.215434512173449
0,"2018",0.0118569711462568,0.0111315003798401,0.0126297228554904,"Masculino",0.0135786263750232
1,"2018",0.000570703108139559,0.000494613024606516,0.000658498707953075,"Masculino",0.000548496236715638
5,"2018",0.000234415549404421,0.000218993016527413,0.000250924210616084,"Masculino",0.000248054140372009
10,"2018",0.000401347389037309,0.000385732931889744,0.000417593918927065,"Masculino",0.000347598773313543
15,"2018",0.00211573084186446,0.0019099662523943,0.00234366287341728,"Masculino",0.00191994087257499
20,"2018",0.00301865164983849,0.00285728763025892,0.00318912862904421,"Masculino",0.00274528373722183
25,"2018",0.00277548973447691,0.00266958110565251,0.00288560001038208,"Masculino",0.00251330676859386
30,"2018",0.00287112446149007,0.00270778264385812,0.00304431956237865,"Masculino",0.00254425755574667
35,"2018",0.00315021823435031,0.00305287541763935,0.00325066488684522,"Masculino",0.00292157786050983
40,"2018",0.00405212013153036,0.00388834121888102,0.00422279749540058,"Masculino",0.00371469870311863
45,"2018",0.00545013397861947,0.00531602724996658,0.00558762380028982,"Masculino",0.0051087793614081
50,"2018",0.00789462868464275,0.00760885849421948,0.00819113170730315,"Masculino",0.00748051327322415
55,"2018",0.0118040939110262,0.0111750799928995,0.0124685132588634,"Masculino",0.010786702996587
60,"2018",0.0165046823825965,0.0158956651794458,0.0171370331140737,"Masculino",0.016143986391298
65,"2018",0.023490172132275,0.0227832543025755,0.024219024177838,"Masculino",0.0233861321914028
70,"2018",0.0348978476312297,0.0336631003950934,0.0361778848352908,"Masculino",0.033387336665686
75,"2018",0.0510333905180563,0.0491702617513944,0.0529671157932076,"Masculino",0.0522667739342522
80,"2018",0.0861439117287902,0.0827863879623951,0.0896376048114142,"Masculino",0.0828584909899789
85,"2018",0.135512762990428,0.132050818286843,0.139065468669873,"Masculino",0.132574546138651
90,"2018",0.203552318560548,0.195579876091028,0.211849742516917,"Masculino",0.216723711732269
0,"2019",0.0112585443356676,0.0104538908471836,0.0121251333509325,"Masculino",0.0132675217298844
1,"2019",0.000556244057768903,0.000474020679009959,0.000652729860750895,"Masculino",0.000561001189870819
5,"2019",0.0002269290227503,0.00020902793906888,0.000246363149327308,"Masculino",0.000243222707605791
10,"2019",0.000399072320605723,0.000380723169590738,0.000418305818489675,"Masculino",0.000334704808808973
15,"2019",0.002126745127313,0.00184994369611639,0.00244496351215709,"Masculino",0.00166243520131769
20,"2019",0.00305283592336007,0.00284290731995521,0.00327826626972298,"Masculino",0.00248868207339464
25,"2019",0.00277838239656005,0.00264880423008034,0.00291429946156519,"Masculino",0.00234412921090513
30,"2019",0.00286543794262882,0.00268134051632761,0.0030621752638499,"Masculino",0.00244345690282026
35,"2019",0.00311550559684697,0.00300387451281337,0.00323128515608129,"Masculino",0.00281326519263482
40,"2019",0.00400558851563386,0.00381893838250396,0.00420136115054514,"Masculino",0.00360208140826479
45,"2019",0.00537153358838995,0.00521612460732042,0.00553157281762557,"Masculino",0.00497435134113222
50,"2019",0.00779675986273164,0.00746051587421435,0.00814815830192235,"Masculino",0.00737330116016342
55,"2019",0.0117368981852526,0.0110540371307016,0.0124619428523887,"Masculino",0.0106650953251627
60,"2019",0.0163512946272207,0.0156535039292489,0.0170801909396527,"Masculino",0.0159239497138927
65,"2019",0.0231723529950895,0.0223527706942179,0.0240219859396638,"Masculino",0.0233002936618778
70,"2019",0.0346544955339213,0.0332796308663354,0.0360861592946753,"Masculino",0.0329968630644726
75,"2019",0.0502927418536421,0.0481531194011411,0.0525274357012298,"Masculino",0.0518617482735885
80,"2019",0.0857058719809038,0.0816701675492043,0.0899409994179524,"Masculino",0.0822478993861486
85,"2019",0.135235995297784,0.131141737590729,0.139458076125684,"Masculino",0.133128731071637
90,"2019",0.202648875891413,0.194038479422393,0.211641355994434,"Masculino",0.2182456976121
0,"2016",0.0125687986471502,0.0122464937108941,0.0128995860498484,"Ambos",0.0124091232661057
1,"2016",0.000552255392641647,0.000499737339497621,0.000610292636944795,"Ambos",0.00051606012802238
5,"2016",0.000226436407036973,0.000213645957770774,0.000239992588517993,"Ambos",0.000229295321325133
10,"2016",0.000327884402693576,0.000322134924008476,0.00033373649833414,"Ambos",0.000313367344695055
15,"2016",0.00130055431127489,0.00125609215572903,0.00134659030299732,"Ambos",0.00131539525181774
20,"2016",0.00175368853074639,0.0017006902866977,0.00180833834762654,"Ambos",0.00172517101099002
25,"2016",0.00172261939332621,0.00167391819880813,0.00177273750675299,"Ambos",0.00166855316511309
30,"2016",0.00188975568946752,0.00181188779355982,0.00197097004492677,"Ambos",0.00179273160027578
35,"2016",0.00226700477943911,0.00220595972624814,0.00232973911937215,"Ambos",0.0021815195706889
40,"2016",0.0030365406612441,0.00291279441548548,0.00316554410375437,"Ambos",0.00288930355316909
45,"2016",0.00416317272756535,0.00410440412444421,0.00422278280452974,"Ambos",0.00406083791787735
50,"2016",0.00612077192126678,0.00586419100889075,0.00638857923545952,"Ambos",0.00587044792675991
55,"2016",0.00892574291945938,0.00860286642555206,0.00926073737791026,"Ambos",0.0085739829208881
60,"2016",0.0128669646847462,0.012534805362863,0.0132079258836367,"Ambos",0.0127050233325653
65,"2016",0.0190309672010901,0.0185312438854866,0.019544166319705,"Ambos",0.0187762112220789
70,"2016",0.0277432132159725,0.0268975031256594,0.0286155140851217,"Ambos",0.0270010199312401
75,"2016",0.0434473059513098,0.0425342523467868,0.0443799594509464,"Ambos",0.0438231805970066
80,"2016",0.0742206078316717,0.0713250589794556,0.0772337058773346,"Ambos",0.0717859630185064
85,"2016",0.12097509897886,0.119377540511113,0.12259403661933,"Ambos",0.120666463901105
90,"2016",0.195643439850664,0.192752324887733,0.198577918989534,"Ambos",0.1983476136475
0,"2017",0.0120574504344584,0.0117283741408416,0.0123957599948283,"Ambos",0.012863715851619
1,"2017",0.000538101357348551,0.000485034033952543,0.000596974749216637,"Ambos",0.000521083656793392
5,"2017",0.000220782639985544,0.000207376791368799,0.00023505510813068,"Ambos",0.000224941561485341
10,"2017",0.000325553348470949,0.00031938616561489,0.000331839616461165,"Ambos",0.00030549625760623
15,"2017",0.00130269822147301,0.00123848723315056,0.00137023831235784,"Ambos",0.00128021518482542
20,"2017",0.00176855436407714,0.00170290593123157,0.00183673359833461,"Ambos",0.00171512945491359
25,"2017",0.00172245447176943,0.00166923700608757,0.001777368580075,"Ambos",0.00163202672975874
30,"2017",0.00188551208170625,0.00180365547983545,0.00197108364097593,"Ambos",0.00174428604743515
35,"2017",0.00224732253526741,0.00218367770401476,0.00231282234014448,"Ambos",0.0021204861400715
40,"2017",0.00301488819522888,0.00288688636327126,0.0031485655082837,"Ambos",0.00280809373275127
45,"2017",0.00411143100474564,0.00404967682004293,0.00417412688911916,"Ambos",0.00396083809869948
50,"2017",0.0060689853548306,0.00580304042130236,0.00634711815929108,"Ambos",0.00575135191609925
55,"2017",0.00886031286542559,0.00852746037865215,0.00920615758822613,"Ambos",0.00838941690311158
60,"2017",0.0127358216941448,0.0123883568004067,0.0130930321783858,"Ambos",0.0125794312033981
65,"2017",0.0188151031072956,0.0182915825002791,0.019353607318162,"Ambos",0.0185197840392794
70,"2017",0.027613550803924,0.026729476349742,0.0285268659222443,"Ambos",0.0265915836765864
75,"2017",0.0429351006341056,0.0419654081260825,0.0439271997765951,"Ambos",0.0432529318596678
80,"2017",0.0739947603152769,0.0709693474884148,0.0771491460451861,"Ambos",0.0710435754189944
85,"2017",0.120504181957739,0.118641257201152,0.122396358668752,"Ambos",0.118452282287798
90,"2017",0.195563362401095,0.1918152228834,0.199384741934014,"Ambos",0.19793032230377
0,"2018",0.0115513751077199,0.0111994908652595,0.011914315434924,"Ambos",0.0125961118672796
1,"2018",0.00052395910686764,0.000468489071417851,0.000585996904556767,"Ambos",0.000512628272294209
5,"2018",0.00021536992925414,0.000200559601300085,0.000231273926185821,"Ambos",0.00022241249852167
10,"2018",0.000323441243181358,0.000316531690794475,0.000330501623796742,"Ambos",0.000295022901989037
15,"2018",0.0013043250371335,0.00121106592019388,0.00140476564828194,"Ambos",0.00119487559111281
20,"2018",0.00178523660261896,0.00170016649099062,0.00187456331142812,"Ambos",0.00165201727527514
25,"2018",0.00172331163112603,0.00166213899112379,0.00178673564234622,"Ambos",0.00157151250787609
30,"2018",0.0018826212832675,0.0017930363275667,0.00197668214621264,"Ambos",0.00169393646145791
35,"2018",0.00222841140138083,0.00215904740026523,0.00230000386892572,"Ambos",0.00205825244113301
40,"2018",0.00299506422829912,0.00285792269209877,0.00313878669861759,"Ambos",0.00272847662139115
45,"2018",0.00406073218026687,0.00399259024867441,0.00413003709692714,"Ambos",0.00383408401072333
50,"2018",0.0060192293284072,0.00573209161344699,0.00632075063541592,"Ambos",0.00561687786416938
55,"2018",0.00879679722245848,0.00844082651541901,0.00916778010206644,"Ambos",0.00817883990577953
60,"2018",0.0126041027476556,0.0122241886683408,0.0129958241306352,"Ambos",0.0123813984622388
65,"2018",0.0185983581863062,0.0180227630074085,0.0191923362185896,"Ambos",0.0182768538871936
70,"2018",0.0274911056255393,0.0265367362784382,0.0284797979896508,"Ambos",0.0261473913239304
75,"2018",0.0424188621882945,0.0413484440080475,0.0435169910867582,"Ambos",0.0426250881213848
80,"2018",0.073789816569604,0.0705322596184919,0.0771978249219209,"Ambos",0.0704233050160332
85,"2018",0.120019106450873,0.117826151494884,0.122252876212217,"Ambos",0.117121511420011
90,"2018",0.195424938958831,0.190999171345029,0.199953258949344,"Ambos",0.198683310698221
0,"2019",0.011096554567432,0.0107052063046115,0.0115022092768967,"Ambos",0.0122142516006901
1,"2019",0.000510877686533356,0.000450912117764237,0.00057881791221707,"Ambos",0.000508587059912377
5,"2019",0.00020989353758709,0.000192954617857821,0.000228319475376771,"Ambos",0.000222035871097871
10,"2019",0.000320937660127723,0.000312959210067366,0.000329119509427719,"Ambos",0.000286485622376721
15,"2019",0.00130700490508642,0.00117858310295448,0.0014494199158614,"Ambos",0.00105965218089672
20,"2019",0.00179863818065984,0.0016885684582017,0.00191588282323637,"Ambos",0.00152903372806701
25,"2019",0.0017221085068039,0.00164960106293895,0.0017978029814813,"Ambos",0.00149028211112217
30,"2019",0.00187703222904036,0.00177577310086184,0.00198406541193032,"Ambos",0.00164399084509165
35,"2019",0.00220845979417528,0.0021300552894415,0.00228975026454244,"Ambos",0.00200083941999951
40,"2019",0.00297201905113747,0.002820430582652,0.00313175487978813,"Ambos",0.00267096818683157
45,"2019",0.00400986252381195,0.00393181536876969,0.00408945892718834,"Ambos",0.00375370134920245
50,"2019",0.00596669799544512,0.00564557127875623,0.0063060907764665,"Ambos",0.00553706178159526
55,"2019",0.00873086560507254,0.00833702792082479,0.0091433080154897,"Ambos",0.00808833815876149
60,"2019",0.0124775619692986,0.0120467101549224,0.0129238232426527,"Ambos",0.0122329184919654
65,"2019",0.0183907447427775,0.017733189784264,0.0190726821462276,"Ambos",0.0182329517186817
70,"2019",0.0273559370121049,0.0262956133485196,0.0284590163344632,"Ambos",0.0258402760536951
75,"2019",0.0419288916919201,0.0407105562999909,0.0431836879250201,"Ambos",0.0422636281466819
80,"2019",0.073544805962833,0.0699399786244569,0.0773354323305351,"Ambos",0.0700901170451768
85,"2019",0.119568092285699,0.116973758004115,0.122219965715204,"Ambos",0.117280748146842
90,"2019",0.19540422950571,0.19040548896815,0.200534202641119,"Ambos",0.199488869045786
