sexo,idade,ano,observado,previsao_combinada,ARIMA,ETS,FDM,LC,CNNGRU,CNN,GRU
Ambos,0,2016,0.0124091232661057,0.012624222643201816,0.0123130580217897,0.0123072515921282,0.0125687986471502,0.0121756063494997,0.0133056611182799,0.0124628465710863,0.0140314368716299
Ambos,1,2016,0.0005160601280223,0.0005192232740408899,0.0005261243359908,0.0005122376197569,0.0005522553926416,0.0004927231859125,0.00051687935350957,0.00056104987389246,0.00056195854834995
Ambos,5,2016,0.0002292953213251,0.0002352228335283373,0.0002299852394036,0.0002301562215181,0.0002264364070369,0.0002420183610101,0.00024891572079751,0.00024815395621156,0.00025275870166599
Ambos,10,2016,0.000313367344695,0.0003263831491956191,0.0003205331108883,0.0003174864805373,0.0003278844026935,0.0003254405562163,0.00032606929072548,0.00032996960663238,0.00034378762462301
Ambos,15,2016,0.0013153952518177,0.0012820993903740721,0.0013318260135991,0.0013314149902805,0.0013005543112748,0.0012646835601221,0.0012090336891104,0.0012117806023167,0.0012571787020974
Ambos,20,2016,0.00172517101099,0.001723673958303422,0.0017184696067195,0.0017184680607986,0.0017536885307463,0.001667923702708,0.0016920742653321,0.0017132292893405,0.0017348727564988
Ambos,25,2016,0.001668553165113,0.0017027181855518534,0.0016862885918479,0.0016862650467096,0.0017226193933262,0.0016448032049493,0.0017249681022064,0.0017067941823825,0.0017157859938454
Ambos,30,2016,0.0017927316002757,0.001856849263239333,0.0018101226905985,0.0018079569813797,0.0018897556894675,0.0018074977331853,0.0018849829088195,0.0018943957353597,0.0018544069103612
Ambos,35,2016,0.0021815195706889,0.002205456604305819,0.0021912375664499,0.0021908057968294,0.0022670047794391,0.0022045047042554,0.0022080967258028,0.002196042955516,0.0022228333933113
Ambos,40,2016,0.002889303553169,0.0029386262044957005,0.0029030954659777,0.0029022316160459,0.0030365406612441,0.0029505950010449,0.0029174695170166,0.0030306072161932,0.0029675335316531
Ambos,45,2016,0.0040608379178773,0.004114857598170892,0.0040909977991526,0.0040816356222759,0.0041631727275653,0.0041291402923255,0.0040936367770207,0.0040758807733568,0.0041429245834143
Ambos,50,2016,0.0058704479267599,0.005899377141854845,0.0058708049282715,0.0058706302829473,0.0061207719212667,0.0059531573026255,0.0059510082988457,0.0059056594235703,0.0060324333712177
Ambos,55,2016,0.0085739829208881,0.00864345885686902,0.0086694853384882,0.0086592019796487,0.0089257429194593,0.0086132131447241,0.0086732152728957,0.0083978341423845,0.0084623789566487
Ambos,60,2016,0.0127050233325653,0.01272075752750438,0.0127927814888446,0.0126438763684305,0.0128669646847462,0.0124177916660362,0.0129419535631257,0.0126169040569061,0.0125669238916974
Ambos,65,2016,0.0187762112220789,0.018624885698202396,0.0185913482814899,0.0185799377991276,0.0190309672010901,0.0186375165136974,0.0188767412283193,0.0180485660736124,0.0187654812626103
Ambos,70,2016,0.0270010199312401,0.027011215293450762,0.0269536867041191,0.0269783281822904,0.0277432132159725,0.0270505794922862,0.0269438546269161,0.0270585790474018,0.0273848606137202
Ambos,75,2016,0.0438231805970066,0.043786167216192495,0.0438534214567157,0.0437886077456702,0.0434473059513098,0.0440335274532885,0.0428143202965038,0.0438081812396406,0.0445641268799601
Ambos,80,2016,0.0717859630185064,0.07215931036965055,0.0715358773073691,0.0715360908044204,0.0742206078316717,0.0725672901450114,0.0724310426040594,0.0734787929286779,0.0737946494333824
Ambos,85,2016,0.120666463901105,0.12249212840295323,0.121472045925665,0.12218057945687,0.12097509897886,0.120604043515228,0.1222608218695145,0.122590513293275,0.1240668907066018
Ambos,90,2016,0.1983476136475,0.19363345173521473,0.194889308350419,0.196228686753152,0.195643439850664,0.192898728585575,0.1928024678172537,0.1923310594837286,0.1925752907604044
Ambos,0,2017,0.012863715851619,0.01230295991879565,0.0117862732764137,0.0117743392869803,0.0120574504344584,0.0115362205066493,0.0129014257725651,0.0136850159432267,0.0143738022333089
Ambos,1,2017,0.0005210836567933,0.0005034041531778396,0.000520779908234,0.0004977868894944,0.0005381013573485,0.0004678892505382,0.00050424246400569,0.00053651455489931,0.00055423985552643
Ambos,5,2017,0.0002249415614853,0.0002291050164742076,0.0002230086389536,0.0002232442875725,0.0002207826399855,0.0002349870404115,0.00024221965822145,0.0002477831325941,0.0002521911484731
Ambos,10,2017,0.0003054962576062,0.00032235154447933734,0.0003144268862797,0.0003083398208457,0.0003255533484709,0.0003197787554693,0.00032519282729806,0.00033188140188366,0.00033990125126167
Ambos,15,2017,0.0012802151848254,0.0012818685966336405,0.0013374790122755,0.0013366542386766,0.001302698221473,0.0012669154836892,0.0011863691102815,0.0012107407326759,0.0012549792587683
Ambos,20,2017,0.0017151294549135,0.001721048664432136,0.0017184696067195,0.0017184680607986,0.0017685543640771,0.0016580671785406,0.0016754316768113,0.0016951247617719,0.0017322555211161
Ambos,25,2017,0.0016320267297587,0.0016897064910334227,0.0016797491891902,0.0016797099584352,0.0017224544717694,0.0016222643499262,0.0016979793582814,0.0016868889265991,0.001729413789114
Ambos,30,2017,0.0017442860474351,0.0018326983109005063,0.0017797126460669,0.001776015666021,0.0018855120817062,0.0017749082940088,0.0018528842482102,0.0018570939348632,0.0018535501873622
Ambos,35,2017,0.0021204861400715,0.0021743019730144464,0.0021448338027598,0.0021439892883084,0.0022473225352674,0.0021590873210608,0.0021863464874447,0.0021982543016148,0.0021970610739777
Ambos,40,2017,0.0028080937327512,0.0028828159742904495,0.0028385386928424,0.0028387072974042,0.0030148881952288,0.0028882488714257,0.0028539252439394,0.003013736518764,0.0029400062877017
Ambos,45,2017,0.0039608380986994,0.004037974510531583,0.0040080164317457,0.0039931667280526,0.0041114310047456,0.0040399431622457,0.0040171547556514,0.0040795758398186,0.0041086387918258
Ambos,50,2017,0.0057513519160992,0.005787200575055003,0.0057481340001037,0.0057477966485722,0.0060689853548306,0.0058326387966444,0.0058782473482328,0.0058471781582646,0.0059686675898312
Ambos,55,2017,0.0083894169031115,0.008545008680391358,0.0085666038446464,0.0085462980586948,0.0088603128654255,0.008449947623364,0.0085692538398846,0.0084613810207936,0.0084192425247645
Ambos,60,2017,0.0125794312033981,0.012529288737341913,0.0127570811927127,0.012461849155914,0.0127358216941448,0.0121631307128971,0.0126551335306475,0.0128825199501733,0.0123065488549011
Ambos,65,2017,0.0185197840392794,0.01838007772564035,0.0182413969314015,0.0182190421348818,0.0188151031072956,0.0182798167724836,0.0185584414303944,0.0189735369068209,0.0186737368661306
Ambos,70,2017,0.0265915836765864,0.026648561845074796,0.0265463576754678,0.0265949303765512,0.027613550803924,0.0266484750261698,0.0265649037230682,0.0270596441042549,0.0272989982414929
Ambos,75,2017,0.0432529318596678,0.04333909100434659,0.0433372486278119,0.0432345814808299,0.0429351006341056,0.0434408354548869,0.0427665764040538,0.0441185337809961,0.0443809256136447
Ambos,80,2017,0.0710435754189944,0.07150518594249741,0.0706927727530852,0.0706932313493054,0.0739947603152769,0.0718217985063046,0.0716735538934477,0.0735901412951455,0.0741379485236417
Ambos,85,2017,0.118452282287798,0.12220065462775002,0.120767687764373,0.12218057945687,0.120504181957739,0.119806817110791,0.1215398225681668,0.1229782218983087,0.1238102805034526
Ambos,90,2017,0.19793032230377,0.19338351722343666,0.193935078431796,0.196228686753152,0.195563362401095,0.192766898365086,0.1924542335097412,0.1922998968752924,0.192258992385661
Ambos,0,2018,0.0125961118672796,0.011901002308643965,0.0112820257567593,0.0112645024445263,0.0115513751077199,0.0109304111645745,0.0126109057121862,0.0137679036801767,0.0145168007442324
Ambos,1,2018,0.0005126282722942,0.0004896778702838209,0.0005154897697509,0.0004845807706337,0.0005239591068676,0.0004443069801227,0.00049033420126684,0.00050547810230286,0.00057707690417804
Ambos,5,2018,0.0002224124985216,0.00022349794383752104,0.000216243673624,0.0002165399292925,0.0002153699292541,0.0002281599996416,0.00023684110364144,0.00024700073517874,0.00025615907654428
Ambos,10,2018,0.000295022901989,0.0003174422655878997,0.0003084369865615,0.0002994566727953,0.0003234412431813,0.0003142154550077,0.00032258929484287,0.00032448176322913,0.00034206206909168
Ambos,15,2018,0.0011948755911128,0.0012799727726297053,0.0013431560053728,0.0013419141040283,0.0013043250371335,0.0012691513461726,0.0011707240411671,0.0011982100326474,0.0012460028858737
Ambos,20,2018,0.0016520172752751,0.0017205424639625258,0.0017184696067195,0.0017184680607986,0.0017852366026189,0.0016482689010836,0.0016562879496594,0.0016895286166025,0.0017322615456381
Ambos,25,2018,0.001571512507876,0.0016795042480458378,0.0016732351462411,0.0016731803520282,0.001723311631126,0.0016000343464327,0.001668677794472,0.0016919073307641,0.001728219793047
Ambos,30,2018,0.0016939364614579,0.0018110810908255268,0.0017498134900033,0.0017446386603429,0.0018826212832675,0.0017429064470191,0.0018241890206446,0.0018559486127555,0.0018465530323868
Ambos,35,2018,0.002058252441133,0.0021353018267582713,0.002099412730001,0.0020981732269623,0.0022284114013808,0.002114605630447,0.0021494238094778,0.0021584077296235,0.0021671040247506
Ambos,40,2018,0.0027284766213911,0.0028239957220262285,0.0027744908730697,0.0027765734050251,0.0029950642282991,0.0028272201167351,0.0027985478401213,0.0028987966413272,0.0028964897165261
Ambos,45,2018,0.0038340840107233,0.003956990507834441,0.0039247320906559,0.0039066153850193,0.0040607321802668,0.0039526728565049,0.0039403217600061,0.0039779954308315,0.0040637982670321
Ambos,50,2018,0.0056168778641693,0.005672696562299627,0.0056280262905748,0.0056275331133187,0.0060192293284072,0.0057145601237712,0.005764637724994,0.0057770325957113,0.005881194039043
Ambos,55,2018,0.0081788399057795,0.008401955535609991,0.0084649432539335,0.008434866247457,0.0087967972224584,0.0082897768391267,0.00840202594166,0.0084617774251456,0.0082709968819957
Ambos,60,2018,0.0123813984622388,0.012328194177302597,0.0127214805239485,0.0122824424930715,0.0126041027476556,0.0119136922826346,0.0123626337270152,0.0127877365235892,0.0121581143510849
Ambos,65,2018,0.0182768538871936,0.018094712019470494,0.0178980328360713,0.0178651564876705,0.0185983581863062,0.0179289821683052,0.018229155945344,0.0191301043572451,0.0186491795042029
Ambos,70,2018,0.0261473913239304,0.02628660549990383,0.0261451842773765,0.0262169811618608,0.0274911056255393,0.0262523478072956,0.0261756906442099,0.0266712184201673,0.0275613308709347
Ambos,75,2018,0.0426250881213848,0.04285238771388022,0.0428154724855229,0.0426875649182373,0.0424188621882945,0.0428561211004599,0.0424213349057182,0.0434735254355544,0.0448291203527689
Ambos,80,2018,0.0704233050160332,0.07084318964144692,0.0698596048252356,0.0698603027144671,0.073789816569604,0.0710839653840213,0.0710214507978699,0.0734541341522266,0.0743317042898537
Ambos,85,2018,0.117121511420011,0.12169436970679753,0.120067413838393,0.12218057945687,0.120019106450873,0.119014860595501,0.1205869515868811,0.1225825011482326,0.1234719612465726
Ambos,90,2018,0.198683310698221,0.1932264332502111,0.193935078431796,0.196228686753152,0.195424938958831,0.192635158239577,0.192136383764055,0.1925568243755802,0.1915304908722152
Ambos,0,2019,0.0122142516006901,0.011181244893099657,0.0107993512615135,0.0107767418816484,0.011096554567432,0.0103564150978037,0.0122142516006901,0.0122142516006901,0.0122142516006901
Ambos,1,2019,0.0005085870599123,0.0004769687412621642,0.0005102533690651,0.0004724918124254,0.0005108776865333,0.0004219132890073,0.00050858705991237,0.00050858705991237,0.00050858705991237
Ambos,5,2019,0.0002220358710978,0.0002137811175256797,0.0002096839234651,0.0002100369128718,0.000209893537587,0.0002215313037916,0.00022203587109787,0.00022203587109787,0.00022203587109787
Ambos,10,2019,0.0002864856223767,0.0002945261318122299,0.0003025611957194,0.00029082944472,0.0003209376601277,0.0003087489411885,0.00028648562237672,0.00028648562237672,0.00028648562237672
Ambos,15,2019,0.0010596521808967,0.0012279992295897745,0.0013488570947365,0.0013471946674654,0.0013070049050864,0.0012713911545239,0.0010596521808967,0.0010596521808967,0.0010596521808967
Ambos,20,2019,0.001529033728067,0.0016234510150666154,0.0017184696067195,0.0017184680607986,0.0017986381806598,0.0016385285261303,0.001529033728067,0.001529033728067,0.001529033728067
Ambos,25,2019,0.0014902821111221,0.0015565133309558283,0.0016667463646558,0.0016666761284318,0.0017221085068039,0.0015781089622543,0.0014902821111221,0.0014902821111221,0.0014902821111221
Ambos,30,2019,0.0016439908450916,0.0016690667422636142,0.0017204166394863,0.0017138159946429,0.0018770322290403,0.0017114815978463,0.0016439908450916,0.0016439908450916,0.0016439908450916
Ambos,35,2019,0.0020008394199995,0.0020293476211509618,0.0020549535377608,0.0020533362336968,0.0022084597941752,0.0020710403552003,0.0020008394199995,0.0020008394199995,0.0020008394199995
Ambos,40,2019,0.0026709681868315,0.0027127430970168565,0.0027114262082672,0.0027157995051276,0.0029720190511374,0.0027674809008151,0.0026709681868315,0.0026709681868315,0.0026709681868315
Ambos,45,2019,0.0037537013492024,0.0038272203150402665,0.0038420476871352,0.0038219400305162,0.0040098625238119,0.0038672877521045,0.0037537013492024,0.0037537013492024,0.0037537013492024
Ambos,50,2019,0.0055370617815952,0.005529982934317855,0.0055104282410308,0.0055097859019361,0.0059666979954451,0.0055988718908814,0.0055370617815952,0.0055370617815952,0.0055370617815952
Ambos,55,2019,0.0080883381587614,0.008154792658442116,0.0083644890777917,0.0083248873516768,0.0087308656050725,0.0081326421305275,0.0080883381587614,0.0080883381587614,0.0080883381587614
Ambos,60,2019,0.0122329184919654,0.012191221950932096,0.0126859792045257,0.012105618653233,0.0124775619692986,0.0116693692730612,0.0122329184919653,0.0122329184919653,0.0122329184919653
Ambos,65,2019,0.0182329517186817,0.017755249962883152,0.0175611320013349,0.0175181446953181,0.0183907447427775,0.0175848809423121,0.0182329517186817,0.0182329517186817,0.0182329517186817
Ambos,70,2019,0.0258402760536951,0.025830804267793477,0.0257500734848338,0.0258444031065178,0.0273559370121049,0.0258621089844133,0.025840276053695,0.025840276053695,0.025840276053695
Ambos,75,2019,0.0422636281466819,0.0422388976711697,0.0422946092151368,0.0421474693690904,0.0419288916919201,0.0422792770107893,0.0422636281466817,0.0422636281466817,0.0422636281466817
Ambos,80,2019,0.0700901170451768,0.06966211485741833,0.0690362564131437,0.0690371878920334,0.073544805962833,0.070353712101392,0.0700901170451769,0.0700901170451769,0.0700901170451769
Ambos,85,2019,0.117280748146842,0.11829245507587738,0.119371200465202,0.12218057945687,0.119568092285699,0.118228139133919,0.1172807481468424,0.1172807481468424,0.1172807481468424
Ambos,90,2019,0.199488869045786,0.19689669250293407,0.193935078431796,0.196228686753152,0.19540422950571,0.192503508147475,0.1994888690457856,0.1994888690457856,0.1994888690457856
Feminino,0,2016,0.0112441653700822,0.011398152778885924,0.0111470222362645,0.0112308745737789,0.0117138769042545,0.0112686576682621,0.0112508947904792,0.011471232169132,0.0117133864012103
Feminino,1,2016,0.0004826580391324,0.0004739474013043323,0.0004828045102697,0.0004829433428598,0.0005145964543044,0.0004657507342904,0.00047054280010778,0.00046776339489753,0.00047098264877613
Feminino,5,2016,0.0002028046259567,0.0002096040306329846,0.0002045558982262,0.0002045774037009,0.0002018046646601,0.0002147527362771,0.00021508738104316,0.00022097500138921,0.00021557848493234
Feminino,10,2016,0.000244120631469,0.000247931638199426,0.0002457007707285,0.0002454015528054,0.0002524313963445,0.0002499314921122,0.0002540783952868,0.00025375572800102,0.00025705911366568
Feminino,15,2016,0.0004665364650708,0.0004686496601547125,0.0004610203688578,0.0004594095197921,0.0004542904787047,0.0004715539058259,0.00046900198774453,0.00047357542384284,0.00047381348086469
Feminino,20,2016,0.0005606952952804,0.0005641957726068934,0.0005674172680528,0.0005656585924157,0.0005688394655197,0.0005580960144452,0.00056020198117672,0.00056619971370652,0.00056861658021333
Feminino,25,2016,0.0006706508028597,0.0006837577196743514,0.0006811936108776,0.0006830659847887,0.0007019189482181,0.0006745274821884,0.00069466758849066,0.00069495292804744,0.00070500022716542
Feminino,30,2016,0.0009032341777566,0.0009256088707632935,0.0009134127590668,0.0009104564573949,0.0009360412856147,0.0009076248916035,0.00093702521619326,0.0009339891182108,0.00093867939274966
Feminino,35,2016,0.0012981303644887,0.0013059230795845166,0.0013202592672601,0.0013145662704153,0.0013671331341031,0.0012783141932496,0.001323295740872,0.0012921002561599,0.0013057581352889
Feminino,40,2016,0.0018801837204144,0.001899136512988555,0.0019026253884085,0.0018898959669469,0.0019367091438129,0.0018790409502808,0.0018976266778057,0.0019301231481938,0.0019464942550003
Feminino,45,2016,0.0027691310286927,0.0027950107318455474,0.002781359999653,0.0027775937010965,0.0028163403051981,0.0027844703947961,0.0028111400971822,0.0028338349213412,0.0028606164295572
Feminino,50,2016,0.004105402162285,0.004090661633826628,0.0040734297572193,0.0040734278794236,0.0042281450864522,0.0040974862279246,0.0040797404873119,0.0041069725887713,0.0041028104547337
Feminino,55,2016,0.0061389741730365,0.006135412624824739,0.0061609269211936,0.0061663119010101,0.0062660695926326,0.0061124074155376,0.0060867341390706,0.0060840213949564,0.0061231093721035
Feminino,60,2016,0.0093409807813314,0.009116168602472222,0.0092738559587093,0.0092540903438496,0.0094465018368599,0.0091593420750716,0.0090856035983959,0.0089639907420174,0.0091047442893641
Feminino,65,2016,0.0143617906818095,0.014278867289748623,0.0142449979187068,0.0142441004496983,0.0144911914040873,0.0143798981331618,0.0143076989240454,0.0141480165803796,0.0142651982093986
Feminino,70,2016,0.0209030466156008,0.020730795887865472,0.020841820119916,0.0208400047870516,0.0210934327053738,0.0208955563254363,0.0205540141866529,0.0204544547653755,0.0206867733788186
Feminino,75,2016,0.0364720048033259,0.03609311220155136,0.0364030007049631,0.0363989325586052,0.0367626109419027,0.036492658452071,0.0358608764069739,0.0358005902837359,0.0360872782464416
Feminino,80,2016,0.0633300542074554,0.06332205091920451,0.0631496447039871,0.0631159607650004,0.0644314196992052,0.0638194323616208,0.0632724617040243,0.0631863413324278,0.0633485702146955
Feminino,85,2016,0.111580109134992,0.11217846225481375,0.112285593124536,0.112209810495606,0.112231724423061,0.111285659733419,0.11221689769558,0.1119485131270956,0.112313245295732
Feminino,90,2016,0.190299559143387,0.1874104072179615,0.188687920239193,0.188648843201064,0.19061231262271,0.185297065367486,0.186429384268051,0.1866420073543184,0.1864190115341436
Feminino,0,2017,0.0118457403996224,0.011006127735490319,0.0105990399700232,0.0107590849598942,0.0114358153489878,0.0107150339113019,0.0109736836363206,0.0110641292225463,0.0114115216511851
Feminino,1,2017,0.0004906802113217,0.00045945232413381284,0.0004746641326935,0.0004695345946858,0.0005054367654561,0.0004427928215246,0.00045343992948488,0.00045468754504083,0.00046541415722656
Feminino,5,2017,0.0001969828466156,0.00020509659930371832,0.0001993152819296,0.0001993573641458,0.0001992085210534,0.0002093455601352,0.00021344240191469,0.00021509506952157,0.00021375538434443
Feminino,10,2017,0.0002441271937063,0.00024358145887906638,0.0002408923301547,0.0002405767898511,0.0002503594506062,0.0002452680666861,0.00025124055325277,0.00025229074797285,0.00025517631352562
Feminino,15,2017,0.0004553574386028,0.00046372612048467706,0.0004516403813799,0.0004471247254129,0.0004485350511678,0.0004656910382657,0.00046581005026698,0.00046879557848003,0.00047135274152606
Feminino,20,2017,0.0005576093507528,0.0005595984835415996,0.0005668849060376,0.0005642087569272,0.0005646696092873,0.0005496047414894,0.00055256164560046,0.00056208552840205,0.00056584500590472
Feminino,25,2017,0.0006568204264208,0.000677579013756019,0.000675668673718,0.0006784666149969,0.0006971954787232,0.0006615815163768,0.00069173566992393,0.00069164876058587,0.00070362416725116
Feminino,30,2017,0.000885300082678,0.0009166056466732273,0.0009001354487668,0.000895134970764,0.0009268619464849,0.0008903237639828,0.00092693789093831,0.00093157409148133,0.00093873539946352
Feminino,35,2017,0.0012650692947919,0.001294676286774691,0.0013152627418787,0.0013050037729937,0.0013581962902327,0.0012526290398225,0.0013013763088952,0.0012858755322196,0.0012988742405093
Feminino,40,2017,0.0018422212535738,0.001876753078529882,0.0018897224623874,0.0018645238139595,0.0019197520007369,0.0018397740566003,0.0018804182818739,0.0019150604582313,0.0019292999589404
Feminino,45,2017,0.002723027397572,0.002744582885973407,0.002738483711718,0.0027332486690269,0.0027873879364064,0.0027218717306507,0.0027499368083602,0.0027775271419822,0.0028219347141506
Feminino,50,2017,0.0040232127451145,0.004008062829158371,0.0039796598908797,0.0039796686486801,0.0041966306887522,0.0040051864247454,0.0040031195906213,0.0040242941347584,0.004116996750824
Feminino,55,2017,0.0059935448311351,0.006028617950081996,0.0060748785627853,0.0060901955268618,0.0062044845157429,0.0059792237058648,0.0059519259521637,0.005883913353797,0.0060415487392237
Feminino,60,2017,0.0092233832213539,0.008929467067589377,0.009134961082794,0.0091222243679908,0.0093576651278771,0.0089456460979058,0.0088756948752895,0.0087781163892286,0.0089184977393658
Feminino,65,2017,0.0141235800508043,0.013995708741192901,0.0139579803027449,0.0139562379611926,0.0143801802972488,0.0140884313591726,0.013937632371191,0.0139662649129875,0.0139986548195669
Feminino,70,2017,0.0205736387689359,0.020424571076708857,0.020513263708225,0.0205145179884092,0.0209518080269157,0.0205747369921863,0.0201970745621701,0.0201835385951843,0.0204592866503284
Feminino,75,2017,0.035936673507818,0.03556941561756908,0.0359281266304634,0.0359201201020824,0.0365671108310798,0.0359847143531057,0.0353588185269797,0.0351263999713872,0.0357327272004542
Feminino,80,2017,0.0625697982042192,0.06258373832639759,0.0623605140402693,0.062294063469761,0.0641965737529548,0.0631174093426799,0.0625528505293448,0.062325118229516,0.0628700950195348
Feminino,85,2017,0.109264525517984,0.11155347129337018,0.111504198699492,0.111353768156827,0.111718580585489,0.110417656018797,0.1113039310822737,0.1114557625346384,0.1119736187727176
Feminino,90,2017,0.188929447183116,0.1873370006629531,0.188687920239193,0.188648843201064,0.191016806723904,0.185046121069769,0.1861822266200414,0.1863584823162451,0.1863843760159729
Feminino,0,2018,0.0115660615701648,0.010572337265204523,0.0100779962491395,0.0103071144115958,0.0111657307001579,0.0101886094245027,0.0106777178003377,0.0104755169047507,0.0112209702527429
Feminino,1,2018,0.0004750017226682,0.00044428390499012517,0.0004626341041496,0.0004572490084189,0.0004960768607292,0.0004209665564831,0.00044568156662939,0.0004327876295855,0.00045898865238001
Feminino,5,2018,0.0001955052703139,0.00020100364113963208,0.0001942089275115,0.0001942705202051,0.0001968689314086,0.0002040745291914,0.0002111046427421,0.00021237506858946,0.00021286934282426
Feminino,10,2018,0.0002399607253984,0.00023932076105155118,0.0002361779922599,0.0002358468850479,0.0002482776855968,0.0002406916552513,0.00025063717817866,0.00024838600573643,0.00025402401080696
Feminino,15,2018,0.0004466173616258,0.0004586338014984833,0.000443627291955,0.0004351684313507,0.0004432945620353,0.0004599010642085,0.0004609170648351,0.00046434813594091,0.00046882319879626
Feminino,20,2018,0.0005561243085119,0.000556935635092959,0.000566353043495,0.0005627626375016,0.0005607748786178,0.0005412426608491,0.00054973342518198,0.00056051081207033,0.00056408374400312
Feminino,25,2018,0.0006447195982099,0.0006702679418256383,0.0006687957555158,0.0006738982146911,0.0006924049680057,0.0006488840178779,0.00068586331538317,0.0006799891467943,0.00069874537829859
Feminino,30,2018,0.0008687243514695,0.0009043626032192469,0.0008870511366125,0.0008800713195855,0.0009175483691713,0.0008733524301125,0.00092173688576727,0.00091481187134896,0.00093457337887216
Feminino,35,2018,0.0012348382032133,0.0012782526863315269,0.0013102851258633,0.0012964574978695,0.0013483957980563,0.0012274599779087,0.0012810945634788,0.0012654423781876,0.0012904126154138
Feminino,40,2018,0.001799018366882,0.0018526140328722334,0.0018769070394034,0.0018394922861484,0.0019023422384983,0.0018013277352117,0.0018513229142974,0.001891682888553,0.0019110784644464
Feminino,45,2018,0.0026520816311252,0.0026963022097183046,0.0026962683867894,0.0026896116173465,0.0027598206782411,0.0026606803692225,0.0026974543831718,0.0027220999729158,0.0027945910213019
Feminino,50,2018,0.0039276710964489,0.003924023843761487,0.0038880485956601,0.0038880675004189,0.0041655070105779,0.0039149657630674,0.0039322605101315,0.0039408548161333,0.0040654550043389
Feminino,55,2018,0.0058614848545578,0.005931101827056939,0.0059900320235318,0.006019515118554,0.0061439131086795,0.0058489419461631,0.0058142764545326,0.0057460071537573,0.0059675431308568
Feminino,60,2018,0.0091090482108795,0.0087385257929113,0.0089981464404559,0.0089987859457734,0.0092706590413312,0.0087369358468198,0.0086664668106076,0.008507593107184,0.0088107479822337
Feminino,65,2018,0.0139593239896324,0.013728351849487421,0.0136767457070644,0.0136741929556919,0.0142759660294558,0.0138028723377664,0.0137227391246212,0.013572120281071,0.0139034625424309
Feminino,70,2018,0.0202665618718869,0.020117303838947206,0.0201898867537523,0.0201941147613482,0.0208218986930719,0.0202588433494986,0.0199245208257552,0.0197496925419434,0.0202716362122802
Feminino,75,2018,0.0354036264134805,0.035090063645881395,0.0354594472482217,0.0354476062195123,0.0363853401580809,0.035483840366832,0.0348853182497769,0.0345466346854618,0.035525735155705
Feminino,80,2018,0.06206141626521,0.061861224221008086,0.0615812445120707,0.0614828689374319,0.063934903910694,0.0624231086788414,0.0617968909519701,0.0615614199653011,0.0624156539427473
Feminino,85,2018,0.108082008616847,0.11067268178561693,0.110728241991172,0.110504256516945,0.111262991389726,0.109556422542591,0.1101150379204028,0.1099299677881887,0.1111433578180693
Feminino,90,2018,0.189484833941721,0.18710816969895663,0.188687920239193,0.188648843201064,0.191464702099208,0.18479551662115,0.1855947191952365,0.1858973078063981,0.1858223927716382
Feminino,0,2019,0.0111103224066213,0.010702959828658683,0.0095825667876454,0.009874130364221,0.0109028422160367,0.0096880479207417,0.0111103224066212,0.0111103224066212,0.0111103224066212
Feminino,1,2019,0.0004536087318716,0.00044355256030649505,0.0004534843724239,0.0004459745249307,0.0004866667602691,0.0004002161576764,0.00045360873187165,0.00045360873187165,0.00045360873187165
Feminino,5,2019,0.0001997948358545,0.00019411622410944187,0.0001892333952521,0.0001893134732316,0.0001946952355494,0.0001989362154984,0.00019979483585455,0.00019979483585455,0.00019979483585455
Feminino,10,2019,0.0002359809424294,0.00023355271539759223,0.0002315559154253,0.0002312099734194,0.0002461969165834,0.00023620063423,0.00023598094242949,0.00023598094242949,0.00023598094242949
Feminino,15,2019,0.0004349456393549,0.0004367749809352913,0.0004367648834164,0.0004235318533758,0.0004383887131453,0.0004541830773635,0.00043494563935497,0.00043494563935497,0.00043494563935497
Feminino,20,2019,0.0005631963579729,0.0005597360322205109,0.0005658216799562,0.0005613202246144,0.0005570596053446,0.0005330078068999,0.00056319635797292,0.00056319635797292,0.00056319635797292
Feminino,25,2019,0.0006490377583065,0.0006583189646984767,0.0006627975422635,0.0006693605753409,0.0006875864795474,0.000636430217947,0.00064903775830651,0.00064903775830651,0.00064903775830651
Feminino,30,2019,0.0008669681825973,0.000868453815312805,0.0008741570171951,0.0008652611649123,0.0009081900303594,0.0008567046034706,0.00086696818259734,0.00086696818259734,0.00086696818259734
Feminino,35,2019,0.0012243941601277,0.0012396635221191851,0.0013053263476516,0.0012888141468098,0.001338093484,0.001202796637687,0.0012243941601277,0.0012243941601277,0.0012243941601277
Feminino,40,2019,0.0017930491241817,0.001814539783235554,0.001864178526042,0.0018147968105669,0.0018847197135357,0.0017636848383649,0.0017930491241817,0.0017930491241817,0.0017930491241817
Feminino,45,2019,0.0026200045734876,0.0026332876319330534,0.0026547038357366,0.0026466712429573,0.0027331999409056,0.0026008646724413,0.0026200045734876,0.0026200045734876,0.0026200045734876
Feminino,50,2019,0.003870390923665,0.00383672378411303,0.0037985461815112,0.0037985747614509,0.0041347146878698,0.0038267774082362,0.003870390923665,0.003870390923665,0.003870390923665
Feminino,55,2019,0.0058013197946986,0.00586973911847106,0.0059063705178799,0.0059538348667611,0.0060841851938186,0.0057214989056239,0.0058013197946985,0.0058013197946985,0.0058013197946985
Feminino,60,2019,0.0090267127182671,0.00895484123589746,0.0088633808759615,0.0088831544494132,0.0091850763559696,0.0085330950001828,0.0090267127182671,0.0090267127182671,0.0090267127182671
Feminino,65,2019,0.0139665044856012,0.013599438103918627,0.0134011776115575,0.0133978478662681,0.0141762018019877,0.0135231013244519,0.0139665044856012,0.0139665044856012,0.0139665044856012
Feminino,70,2019,0.0200358084091665,0.019969576684488035,0.0198716076060534,0.0198787157087927,0.0206994919891736,0.0199477997709224,0.0200358084091664,0.0200358084091664,0.0200358084091664
Feminino,75,2019,0.0350597318216265,0.03505422748614105,0.0349968817489998,0.034981308055837,0.0362123578830078,0.0349899380838116,0.0350597318216264,0.0350597318216264,0.0350597318216264
Feminino,80,2019,0.0618696550980123,0.06138047914525613,0.0608117128926582,0.0606822377964218,0.0636571342007473,0.0617364454230781,0.0618696550980123,0.0618696550980123,0.0618696550980123
Feminino,85,2019,0.108013218777689,0.10899529762943555,0.109957685158553,0.109661225753627,0.110843552137851,0.108701906498427,0.1080132187776895,0.1080132187776895,0.1080132187776895
Feminino,90,2019,0.189993298255459,0.18905661755589317,0.188687920239193,0.188648843201064,0.191940235692157,0.184545251561378,0.1899932982554597,0.1899932982554597,0.1899932982554597
Masculino,0,2016,0.0135205973397519,0.013170115307881498,0.0131843471371546,0.0135261002279905,0.0131484962456462,0.0130046993850566,0.0138772109902003,0.0124270868688679,0.014241225823564
Masculino,1,2016,0.0005478950480288,0.0005435186485712131,0.0005580746147256,0.0005468281488006,0.0005992730844642,0.0005173026245432,0.00055942687475472,0.00052052058803303,0.0005582030965048
Masculino,5,2016,0.0002545745446247,0.0002573805925075831,0.0002542293985044,0.0002547262875787,0.0002504184155015,0.0002671806052845,0.00027939721442373,0.00025111782975874,0.0002697849550701
Masculino,10,2016,0.00037960323318,0.00040586148515541376,0.0003920556187367,0.0003850649574257,0.0004065571909878,0.0003976487798571,0.00041149790717062,0.00042099026586689,0.00041845366576904
Masculino,15,2016,0.0021451509297776,0.0020921683670684717,0.002185287792127,0.0021648413760015,0.0020944990901872,0.0020541132593146,0.0020568827131967,0.0020642502518652,0.0019819975078343
Masculino,20,2016,0.0028937819886223,0.0028831008266834157,0.0028753924161718,0.0028753894641382,0.0029532039981676,0.0027866556839269,0.0028944412619525,0.0029145891135456,0.002832858429281
Masculino,25,2016,0.0026851584376376,0.0027074694492012817,0.0027082958304003,0.0027057211992152,0.0027696633416948,0.0026352494964541,0.0027428968855384,0.0027255502445163,0.0026941087291649
Masculino,30,2016,0.0027124947875455,0.0027825229299452393,0.0027372333734801,0.0027364782117944,0.0028842056525885,0.0027368507385277,0.0028115143093002,0.0026983649818516,0.0028103276625027
Masculino,35,2016,0.0031099324059896,0.003184968949124282,0.0031136150158134,0.0031279769822327,0.0032256065974774,0.0031702156632014,0.0031174599266542,0.003048935620879,0.0032683164653778
Masculino,40,2016,0.0039617740358248,0.004024837962590311,0.0039936731444352,0.0039938563740822,0.0041508314016912,0.0040882478803243,0.0040991715525997,0.0039217294445935,0.0040157114618582
Masculino,45,2016,0.0054582425562817,0.0055032042567353615,0.0055320456767898,0.005513322928086,0.0056178432177743,0.0055877010108021,0.0054803725066873,0.0053248410036445,0.0055301334443726
Masculino,50,2016,0.0078199313746704,0.007894385256047133,0.0078607612797396,0.0078606888897403,0.0080950514477451,0.0079999164691798,0.0079374703078323,0.0077975285823642,0.0080482020437302
Masculino,55,2016,0.0113042803424906,0.011409244975232982,0.0114817179858616,0.0114433382780074,0.0119387169688855,0.0114118818743678,0.0110839765929815,0.0113420236533022,0.0117161944092202
Masculino,60,2016,0.0165607458082245,0.016428010664475988,0.0167378584318219,0.016728743696967,0.0168208791528257,0.0161150107843424,0.0164280563473575,0.016153821563826,0.0164369097393824
Masculino,65,2016,0.0239560642409194,0.02329007018418871,0.0236737081436401,0.0234557625350286,0.0241231371551356,0.0235722842875198,0.0231511756622965,0.0225251358697924,0.0231149602131192
Masculino,70,2016,0.034507055246693,0.03445591002740145,0.0344835599409535,0.0344801712631563,0.0354219410153318,0.0346340130798077,0.033557783679257,0.0340415929861475,0.034541690171157
Masculino,75,2016,0.0536727922224078,0.05281943581109034,0.0536984331652696,0.0537517405284941,0.052616530419943,0.0543408356981274,0.052107075090904,0.0514346027973873,0.0541213097939304
Masculino,80,2016,0.084518761697297,0.08527458873806888,0.0842610893451139,0.0842598108687724,0.0869482392225847,0.0859978546233441,0.0862766366291948,0.0844884381534928,0.0872953859094138
Masculino,85,2016,0.136130545446371,0.1376426100823625,0.137658395033412,0.137658478565046,0.136375425653196,0.136655429872627,0.1380189628408277,0.1374986029721817,0.1384015395714658
Masculino,90,2016,0.213843239645728,0.20604812802083697,0.211139375262116,0.210580647415322,0.20518494026607,0.207416213518671,0.2030343934177921,0.2014641917379404,0.2026710378202104
Masculino,0,2017,0.0138348693738661,0.012669731002289027,0.012459746459654,0.0129874633214489,0.0125020568462761,0.0122864869987293,0.0135258715613118,0.0119911503537533,0.0141430953618804
Masculino,1,2017,0.0005500639555193,0.000524678099799171,0.0005523545174527,0.0005320519155211,0.000585516402979,0.000490678682441,0.00055263838442286,0.00048541548519106,0.00053231316430409
Masculino,5,2017,0.0002516011775685,0.00024973981875197964,0.000245563589132,0.0002462361076322,0.0002421671786103,0.0002585545289127,0.00027753986422579,0.00024533146818248,0.0002685967242147
Masculino,10,2017,0.0003641267666528,0.00040115780196009595,0.0003845132468626,0.0003708050469587,0.0004036281806374,0.0003908243035931,0.0004104189580457,0.00042402056019002,0.00041600601719374
Masculino,15,2017,0.0020829901536205,0.0021040676744425195,0.0022059252455281,0.0021648413760015,0.0021059387753119,0.0020644309286195,0.0020565919391839,0.0021287666929212,0.0019416331042112
Masculino,20,2017,0.0028737799142271,0.002873560131313789,0.0028753924161718,0.0028753894641382,0.0029825124728776,0.0027749263883878,0.002884594584026,0.0028815044016586,0.0028038911347509
Masculino,25,2017,0.0026242326193466,0.0026887268084591744,0.0027018493805703,0.00269478314351,0.0027710340499081,0.0026025334363142,0.0027289184373671,0.0026362084542071,0.0026417949654549
Masculino,30,2017,0.0026308475572513,0.0027323684048592136,0.0026870446942386,0.0026857549488874,0.0028756420311148,0.0026880911743469,0.0028559345032121,0.0025983668425146,0.002753493013369
Masculino,35,2017,0.00301870070986,0.0030998778485620774,0.0030345326923292,0.0030585383063335,0.0031853504913663,0.0031036558283509,0.0030451447648773,0.0029125145046536,0.0031662586546546
Masculino,40,2017,0.0038336467449709,0.003926162264269073,0.003903491004347,0.0039038472909989,0.0040984983559571,0.0040017019587776,0.0040227725329259,0.0037428243053711,0.0039385191237967
Masculino,45,2017,0.0052978212654175,0.005398997423475682,0.0054299855661275,0.0053973801438074,0.0055305236632396,0.0054720603707094,0.0053834403122241,0.0052244307462898,0.005460998070258
Masculino,50,2017,0.0076594101697627,0.007754617233148968,0.0077115604739941,0.007711420145412,0.00799303011825,0.0078535531752431,0.0078158755497451,0.0076435774938665,0.0079869281329456
Masculino,55,2017,0.0110814293537621,0.011265842382641804,0.0113652659362566,0.0112939963703408,0.0118694381249164,0.0112231195781075,0.0109359832042264,0.0112526830325912,0.011588220705245
Masculino,60,2017,0.0164329561480826,0.016266735047562025,0.0167441396929194,0.0167333556105411,0.0166602902178299,0.0158215325891023,0.016241193935834,0.0161491781751889,0.0159962900259801
Masculino,65,2017,0.0237002180266519,0.022843065164289265,0.0232516494196721,0.0230880040962738,0.0238124505564639,0.0231378334183734,0.0224512455674254,0.0220641460074139,0.0227690062601435
Masculino,70,2017,0.0339966389886845,0.03395773941505692,0.033978962741221,0.0339722951250351,0.0351401771224071,0.0341274629914366,0.0330655055008032,0.0331226963409242,0.0342184206153623
Masculino,75,2017,0.0530386482350519,0.05223754016711261,0.0530538205497804,0.0531367450936476,0.0517950601887611,0.0536491468862878,0.0515101935769014,0.0509752424942724,0.0537364544835094
Masculino,80,2017,0.0837252295000329,0.08429738247496339,0.0833694113696831,0.0833668825044417,0.0865628769513035,0.0852355301639136,0.0853467162586979,0.0827859082140712,0.0865487436054965
Masculino,85,2017,0.134126472285394,0.13788696207629617,0.137658395033412,0.137658478565046,0.135815059385046,0.13605642638468,0.1377956361086193,0.1385245866292284,0.137900705102442
Masculino,90,2017,0.215434512173449,0.2052205900452245,0.208584767168253,0.210580647415322,0.204458244209403,0.207633976687162,0.2016744938377594,0.1984176707685111,0.2016229373254482
Masculino,0,2018,0.0135786263750232,0.012180138573127195,0.0117749692285761,0.0124702760354334,0.0118569711462568,0.0116079394302191,0.013235844661072,0.011599977186501,0.0138181979709613
Masculino,1,2018,0.0005484962367156,0.0005114508869642629,0.0005466930494597,0.0005186220446172,0.0005707031081395,0.0004654249910575,0.00055555244022758,0.00047086488219328,0.0005230624531276
Masculino,5,2018,0.000248054140372,0.00024254803199609955,0.0002371931675177,0.0002380289104755,0.0002344155494044,0.0002502069502764,0.00027694424042027,0.00024016719106167,0.00026915291357975
Masculino,10,2018,0.0003475987733135,0.0003946423112760427,0.0003771159752518,0.0003570732163457,0.0004013473890373,0.0003841169494697,0.00040964857390014,0.00041941330755576,0.00040879995080777
Masculino,15,2018,0.0019199408725749,0.0021073108294065103,0.002226757595219,0.0021648413760015,0.0021157308418644,0.0020748004228661,0.0020584547894074,0.0021301589912163,0.0019157272959776
Masculino,20,2018,0.0027452837372218,0.0028656742616511802,0.0028753924161718,0.0028753894641382,0.0030186516498384,0.0027632464625554,0.0028761920046733,0.0028616526939642,0.0027543322387045
Masculino,25,2018,0.0025133067685938,0.002672329901847343,0.0026969049467069,0.0026838893056137,0.0027754897344769,0.0025702235390795,0.002721671416768,0.0025596209203694,0.0026016032401617
Masculino,30,2018,0.0025442575557466,0.002695221582329283,0.0026377762520323,0.0026359718905795,0.00287112446149,0.0026402003075582,0.0028957896704532,0.0024509820744882,0.002725860431619
Masculino,35,2018,0.0029215778605098,0.0030180059640400204,0.002960066073936,0.0029906411154703,0.0031502182343503,0.0030384934415247,0.0030271434230044,0.0026768408317021,0.0030581362451258
Masculino,40,2018,0.0037146987031186,0.00382885672159573,0.0038153452898993,0.0038158667322988,0.0040521201315303,0.003916988165995,0.0039736792788005,0.0035024906413824,0.0039018561118221
Masculino,45,2018,0.0051087793614081,0.005272246543102358,0.0053197252788436,0.0052838755858764,0.0054501339786194,0.0053588129792202,0.0053173504008907,0.0049557356464991,0.0054064856523455
Masculino,50,2018,0.0074805132732241,0.007591243042409318,0.0075651915670486,0.007564985905584,0.0078946286846427,0.0077098676859929,0.0077603779533019,0.0073171889873554,0.0078729711587623
Masculino,55,2018,0.010786702996587,0.011068381022695301,0.0112499949886324,0.0111509901277869,0.0118040939110262,0.0110374795718326,0.0108357664488682,0.010745431660862,0.0113819329140356
Masculino,60,2018,0.016143986391298,0.015996638146591982,0.0167504233112025,0.0167379687955642,0.0165046823825965,0.0155333990661205,0.0159959769185706,0.0155097267450476,0.0156879899799187
Masculino,65,2018,0.0233861321914028,0.022340578535857997,0.0228371152273659,0.0227331956015438,0.023490172132275,0.0227113897306863,0.0219123021248696,0.0206749710244576,0.0223231869531246
Masculino,70,2018,0.033387336665686,0.033383130914452,0.033481749301588,0.0334718997551996,0.0348978476312297,0.0336283216024685,0.0326797686010159,0.0313300851319287,0.033556563465187
Masculino,75,2018,0.0522667739342522,0.051464343262291525,0.0524298090463912,0.0525287860706673,0.0510333905180563,0.0529662623816746,0.0511300246265468,0.0492710008941364,0.0532333821837517
Masculino,80,2018,0.0828584909899789,0.08341771809619139,0.0824871694176653,0.0824834167896897,0.0861439117287902,0.0844799632984253,0.084940219060408,0.0812392993670206,0.0858896883355891
Masculino,85,2018,0.132574546138651,0.13715904928992126,0.137658395033412,0.137658478565046,0.135512762990428,0.135460048516358,0.1373131933503559,0.1376175979548648,0.1364245996672404
Masculino,90,2018,0.216723711732269,0.2043854319075644,0.204850699212852,0.210580647415322,0.203552318560548,0.207851968481934,0.2002269301885775,0.1965038339105616,0.2000246589568194
Masculino,0,2019,0.0132675217298844,0.012301927823110126,0.0111278267806553,0.0119736842022939,0.0112585443356676,0.0109668661049795,0.0132675217298843,0.0132675217298843,0.0132675217298843
Masculino,1,2019,0.0005610011898708,0.000518349716941942,0.0005410896098141,0.0005063942680965,0.0005562440577689,0.0004414710278899,0.00056100118987081,0.00056100118987081,0.00056100118987081
Masculino,5,2019,0.0002432227076057,0.00023339853123113247,0.0002291080649047,0.0002300952641227,0.0002269290227503,0.0002421288779195,0.00024322270760578,0.00024322270760578,0.00024322270760578
Masculino,10,2019,0.0003347048088089,0.0003475776106929004,0.0003698610124632,0.00034384990948,0.0003990723206057,0.0003775247074284,0.00033470480880897,0.00033470480880897,0.00033470480880897
Masculino,15,2019,0.0016624352013176,0.001947481570158624,0.0022477866817641,0.0021648413760015,0.002126745127313,0.0020852220023674,0.0016624352013176,0.0016624352013176,0.0016624352013176
Masculino,20,2019,0.0024886820733946,0.00268757710678275,0.0028753924161718,0.0028753894641382,0.00305283592336,0.002751615698628,0.0024886820733946,0.0024886820733946,0.0024886820733946
Masculino,25,2019,0.0023441292109051,0.002600598351610844,0.002693110710874,0.0026730395067727,0.00277838239656,0.0025383147623239,0.0023441292109051,0.0023441292109051,0.0023441292109051
Masculino,30,2019,0.0024434569028202,0.002496279637906179,0.002589411173809,0.0025871116092717,0.0028654379426288,0.0025931626615024,0.0024434569028202,0.0024434569028202,0.0024434569028202
Masculino,35,2019,0.0028132651926348,0.002868562179171921,0.0028891209529774,0.0029242511898643,0.0031155055968469,0.0029746991627915,0.0028132651926348,0.0028132651926348,0.0028132651926348
Masculino,40,2019,0.0036020814082647,0.003707740647253356,0.0037291900160512,0.0037298689813604,0.0040055885156338,0.0038340677168351,0.0036020814082647,0.0036020814082647,0.0036020814082647
Masculino,45,2019,0.0049743513411322,0.005118261230655506,0.0052043444279784,0.005172757979453,0.0053715335883899,0.005247909306698,0.0049743513411322,0.0049743513411322,0.0049743513411322
Masculino,50,2019,0.0073733011601634,0.007434535835586841,0.0074216008081825,0.0074213323450849,0.0077967598627316,0.0075688110093782,0.0073733011601634,0.0073733011601634,0.0073733011601634
Masculino,55,2019,0.0106650953251627,0.01090331444976162,0.0111358931637935,0.011013997679019,0.0117368981852526,0.0108549102101934,0.0106650953251627,0.0106650953251627,0.0106650953251627
Masculino,60,2019,0.0159239497138927,0.016030520781381057,0.016756709287556,0.0167425832523871,0.0163512946272207,0.0152505128810055,0.0159239497138926,0.0159239497138926,0.0159239497138926
Masculino,65,2019,0.0233002936618778,0.02291016000227141,0.0224299714181456,0.0223907739096013,0.0231723529950895,0.0222928056474609,0.0233002936618777,0.0233002936618777,0.0233002936618777
Masculino,70,2019,0.0329968630644726,0.03306077597730668,0.0329918115756497,0.0329788749655745,0.0346544955339213,0.0331364805547605,0.0329968630644726,0.0329968630644726,0.0329968630644726
Masculino,75,2019,0.0518617482735885,0.051839061515381334,0.0518205215213787,0.051927782953115,0.0502927418536421,0.0522920701168024,0.0518617482735885,0.0518617482735885,0.0518617482735885
Masculino,80,2019,0.0822478993861486,0.08248639850001187,0.0816142636340229,0.0816093134457701,0.0857058719809038,0.0837310941244645,0.0822478993861489,0.0822478993861489,0.0822478993861489
Masculino,85,2019,0.133128731071637,0.13392504352492923,0.137658395033412,0.137658478565046,0.135235995297784,0.134866284758749,0.1331287310716374,0.1331287310716374,0.1331287310716374
Masculino,90,2019,0.2182456976121,0.21282868209301897,0.202261930471594,0.210580647415322,0.202648875891413,0.208070189143018,0.2182456976120994,0.2182456976120994,0.2182456976120994
