sexo,idade,ano,observado,previsto,lower,upper
Ambos,0,2016,0.0124091232661057,0.01171976531491319,0.011435774525748035,0.012039422565671188
Ambos,1,2016,5.1606012802238e-4,4.8971399634309e-4,4.7439718619358734e-4,5.099178865739704e-4
Ambos,5,2016,2.2929532132513e-4,2.1833424704361e-4,2.1154489805439968e-4,2.2463130921108158e-4
Ambos,10,2016,3.1336734469505e-4,2.721822448582157e-4,2.531055363738208e-4,2.995256893623211e-4
Ambos,15,2016,0.00131539525181774,7.150680401232129e-4,4.6686747899106755e-4,0.0010808094549135823
Ambos,20,2016,0.00172517101099002,8.941273453324385e-4,5.631030111015595e-4,0.001225738476251946
Ambos,25,2016,0.00166855316511309,9.776601160791686e-4,6.919920491864432e-4,0.0012642945469532975
Ambos,30,2016,0.00179273160027578,0.001181634223674163,9.283411575631837e-4,0.0014353595966344983
Ambos,35,2016,0.0021815195706889,0.0015640921175416513,0.0013047337359405442,0.0018272548454535775
Ambos,40,2016,0.00288930355316909,0.0021993316047360157,0.0019109174650377397,0.0024959949320873718
Ambos,45,2016,0.00406083791787735,0.0031827193670215088,0.0028152819864335817,0.003553387670601837
Ambos,50,2016,0.00587044792675991,0.004622370015828148,0.00411589291293798,0.00536229309249012
Ambos,55,2016,0.0085739829208881,0.006857289934907832,0.006124497682975153,0.007927871222039917
Ambos,60,2016,0.0127050233325653,0.010170977235189085,0.00911210245559427,0.01168420430617002
Ambos,65,2016,0.0187762112220789,0.01553761271332357,0.014296752766314199,0.017358116772322636
Ambos,70,2016,0.0270010199312401,0.022516606606567555,0.020671904940032543,0.024364491139671558
Ambos,75,2016,0.0438231805970066,0.03837800630272287,0.03610601203510913,0.04068122163652914
Ambos,80,2016,0.0717859630185064,0.06587574203580414,0.06346989377755873,0.0684059594038107
Ambos,85,2016,0.120666463901105,0.11480695216129366,0.11190374128723332,0.11866619479648886
Ambos,90,2016,0.1983476136475,0.18950253952473614,0.18657052185517234,0.1928538453687865
Ambos,0,2017,0.012863715851619,0.01130868500256589,0.01102877770640413,0.011576100099058215
Ambos,1,2017,5.2108365679339e-4,4.7719114330324716e-4,4.568355175742387e-4,4.971561592263357e-4
Ambos,5,2017,2.2494156148534e-4,2.1387140814599858e-4,2.0766760519774796e-4,2.1911267543112462e-4
Ambos,10,2017,3.0549625760623e-4,2.681574051990171e-4,2.5003290064795294e-4,2.867520805356254e-4
Ambos,15,2017,0.00128021518482542,7.134739591806471e-4,4.6209222877834435e-4,9.651217048903955e-4
Ambos,20,2017,0.00171512945491359,8.902434583695185e-4,5.57102114250509e-4,0.0012239499056730528
Ambos,25,2017,0.00163202672975874,9.721778177985914e-4,6.864886149947015e-4,0.0012596936830379679
Ambos,30,2017,0.00174428604743515,0.0011671659134241843,9.204717579473364e-4,0.0014166962113167007
Ambos,35,2017,0.0021204861400715,0.0015408249246191814,0.0012926361012627768,0.001809512594623497
Ambos,40,2017,0.00280809373275127,0.002165935807398673,0.001885685902152135,0.002446225952445188
Ambos,45,2017,0.00396083809869948,0.0031228344986804473,0.0027624641901446804,0.003634229556185873
Ambos,50,2017,0.00575135191609925,0.004548879755952387,0.004055820053292857,0.005071732551352661
Ambos,55,2017,0.00838941690311158,0.006739142584706686,0.005989078686489258,0.007499822219575177
Ambos,60,2017,0.0125794312033981,0.010013507225745061,0.008918739151972978,0.011453797470589186
Ambos,65,2017,0.0185197840392794,0.015261657475232693,0.014043921445376008,0.017009511427834773
Ambos,70,2017,0.0265915836765864,0.022215390437598924,0.020377960084064145,0.024751159948277663
Ambos,75,2017,0.0432529318596678,0.03790594287640344,0.03564295350920379,0.04030226331396764
Ambos,80,2017,0.0710435754189944,0.06520686436651213,0.0628258890433601,0.06767513390600277
Ambos,85,2017,0.118452282287798,0.11425968818089448,0.11127993656700721,0.11747225373027792
Ambos,90,2017,0.19793032230377,0.18930739686450138,0.1865718010619508,0.19234011483828614
Ambos,0,2018,0.0125961118672796,0.01089643903118815,0.010598554427443055,0.011165353452922718
Ambos,1,2018,5.126282722942e-4,4.649388276422329e-4,4.415850163313047e-4,4.894062831337025e-4
Ambos,5,2018,2.2241249852167e-4,2.1001087166014286e-4,2.0465909910138215e-4,2.141460222449427e-4
Ambos,10,2018,2.9502290198903e-4,2.642728845991443e-4,2.4762037976171946e-4,2.8665326070557713e-4
Ambos,15,2018,0.00119487559111281,7.1176487594941e-4,4.567211258568016e-4,0.0010878650136986088
Ambos,20,2018,0.00165201727527514,8.876118832899828e-4,5.527930083620788e-4,0.001223259454852303
Ambos,25,2018,0.00157151250787609,9.646146166463072e-4,6.772124710704699e-4,0.0012537997470403915
Ambos,30,2018,0.00169393646145791,0.0011509250062467858,9.08143928049433e-4,0.0013999243809256668
Ambos,35,2018,0.00205825244113301,0.0015157701778311613,0.0012798727498105809,0.0018500560262645859
Ambos,40,2018,0.00272847662139115,0.002129831210291917,0.0018601488168220857,0.0024025786873534357
Ambos,45,2018,0.00383408401072333,0.003066570531172754,0.002713251046549917,0.0034277837972519756
Ambos,50,2018,0.00561687786416938,0.00446780035014407,0.003983366295339702,0.004972575525898995
Ambos,55,2018,0.00817883990577953,0.006631498692750413,0.005865352772484274,0.00741454805525737
Ambos,60,2018,0.0123813984622388,0.009856617972170936,0.008715369857506388,0.011375179201989652
Ambos,65,2018,0.0182768538871936,0.015005764305127569,0.013775721083795583,0.01626874043488023
Ambos,70,2018,0.0261473913239304,0.02191267957891124,0.020122844535392724,0.02374583602941276
Ambos,75,2018,0.042625088121384803,0.037475700857657564,0.035202737527638,0.040465242640357675
Ambos,80,2018,0.0704233050160332,0.06455026899603607,0.06224746322052787,0.06755617168694017
Ambos,85,2018,0.117121511420011,0.1134651098852953,0.11024036474229722,0.1172427220627783
Ambos,90,2018,0.198683310698221,0.18910548625699514,0.18626999414781098,0.19260024397787393
Ambos,0,2019,0.0122142516006901,0.010519703371173313,0.01017753410088315,0.010852068589032902
Ambos,1,2019,5.0858705991237e-4,4.539555440388757e-4,4.275764522800314e-4,4.793462427115274e-4
Ambos,5,2019,2.2203587109787e-4,2.0613158127595285e-4,2.013972408086631e-4,2.100904804649749e-4
Ambos,10,2019,2.8648562237672e-4,2.6051101977088713e-4,2.4470314582981543e-4,2.7833141601845996e-4
Ambos,15,2019,0.00105965218089672,7.1013619887761e-4,4.526324877974557e-4,0.0010909035139829114
Ambos,20,2019,0.00152903372806701,8.842884902847743e-4,5.481027133319443e-4,0.001221792145792409
Ambos,25,2019,0.00149028211112217,9.582139300967128e-4,6.704408467016869e-4,0.0012483029356882927
Ambos,30,2019,0.00164399084509165,0.0011355851889722243,8.980899022836585e-4,0.0014781689898201546
Ambos,35,2019,0.00200083941999951,0.00149023499015674,0.0012575158132511614,0.0018193005734897655
Ambos,40,2019,0.00267096818683157,0.0020935429017825556,0.001836856531321572,0.00236172389952327
Ambos,45,2019,0.00375370134920245,0.003009468240715454,0.0026710892536470775,0.0033628458057977416
Ambos,50,2019,0.00553706178159526,0.004387534969712977,0.00390777605483102,0.004882552682531468
Ambos,55,2019,0.00808833815876149,0.00652594534994897,0.005774763996727591,0.007590800171581146
Ambos,60,2019,0.0122329184919654,0.009718705835260447,0.008578241083079972,0.010943388944369165
Ambos,65,2019,0.0182329517186817,0.014771308041171851,0.013592873337839425,0.015980757751182035
Ambos,70,2019,0.0258402760536951,0.02163434785792993,0.01985144360376753,0.023475912501408184
Ambos,75,2019,0.0422636281466819,0.03706220657532395,0.034875520247982766,0.04001803707056766
Ambos,80,2019,0.0700901170451768,0.06394156419630702,0.06164936763811367,0.06645666727943389
Ambos,85,2019,0.117280748146842,0.11281114524723378,0.10940424856846094,0.11680425806927372
Ambos,90,2019,0.199488869045786,0.18899699051845217,0.18593068742188418,0.19235137785631887
Feminino,0,2016,0.0112441653700822,0.012725231124991377,0.011908483864991494,0.013545332055491245
Feminino,1,2016,4.8265803913242e-4,5.3149630322563e-4,5.034767984819043e-4,5.603436997615943e-4
Feminino,5,2016,2.0280462595675e-4,2.4671890451082284e-4,2.2591249155783788e-4,2.653387862658651e-4
Feminino,10,2016,2.4412063146909e-4,3.6375002145626854e-4,2.9434087352249157e-4,4.131507405245429e-4
Feminino,15,2016,4.6653646507089e-4,0.0015960246747029486,9.224662667218058e-4,0.0020553211912433724
Feminino,20,2016,5.606952952804e-4,0.002216403481352764,0.0015372901099231025,0.002890997378854274
Feminino,25,2016,6.7065080285973e-4,0.002133104041895787,0.001534820090620423,0.0027257184178339287
Feminino,30,2016,9.0323417775662e-4,0.002252161786028667,0.0014636211655884718,0.002810012724779048
Feminino,35,2016,0.00129813036448878,0.0026379085444665157,0.0020692628455488984,0.003186060467264094
Feminino,40,2016,0.0018801837204144,0.0034383161705129903,0.0025394209222694875,0.004078081623128716
Feminino,45,2016,0.00276913102869272,0.0047285492412032,0.003577558922519853,0.0055298116308399505
Feminino,50,2016,0.00410540216228509,0.0068607180827487185,0.005718376310565218,0.007991682609415622
Feminino,55,2016,0.00613897417303654,0.009974290300854415,0.008361764710540124,0.011596064865185626
Feminino,60,2016,0.00934098078133144,0.014354660555756169,0.011427183457656509,0.016457722251074103
Feminino,65,2016,0.0143617906818095,0.020710827224694695,0.01788268002943414,0.023441560508476317
Feminino,70,2016,0.0209030466156008,0.030554120708955666,0.026359849837324364,0.03458146122933298
Feminino,75,2016,0.0364720048033259,0.04820318404019628,0.04310944899738984,0.053178599061341834
Feminino,80,2016,0.0633300542074554,0.07961030857243111,0.07268609015084283,0.08640527781267891
Feminino,85,2016,0.111580109134992,0.13020648064720575,0.122588154885696,0.13751602873841795
Feminino,90,2016,0.190299559143387,0.1995867914089911,0.19370880342549923,0.20453017659053904
Feminino,0,2017,0.0118457403996224,0.012258112293124051,0.011356397692252287,0.013160706744838076
Feminino,1,2017,4.906802113217e-4,5.129658327203214e-4,4.8372191452990146e-4,5.443595664889944e-4
Feminino,5,2017,1.9698284661569e-4,2.4155177154759e-4,2.2001096835725758e-4,2.624739559324411e-4
Feminino,10,2017,2.4412719370633e-4,3.6090958684113143e-4,3.0870119705295716e-4,4.1110254869858656e-4
Feminino,15,2017,4.5535743860288e-4,0.00159944665316582,9.217005631794663e-4,0.002079270693030041
Feminino,20,2017,5.5760935075289e-4,0.00220836038181352,0.0012423113269816014,0.002882033061318623
Feminino,25,2017,6.5682042642084e-4,0.002104946373164807,0.0012688362211001304,0.0026868862141715805
Feminino,30,2017,8.8530008267802e-4,0.002223828307763503,0.001666113093202163,0.0027796773696277567
Feminino,35,2017,0.00126506929479191,0.0025761701130571383,0.0020088013787410855,0.0031002757994635414
Feminino,40,2017,0.00184222125357385,0.00336550891525706,0.00274163351320089,0.004000187548909544
Feminino,45,2017,0.00272302739757205,0.0046490265525505345,0.0035241160826655544,0.005430413854058854
Feminino,50,2017,0.00402321274511456,0.006750327609533755,0.005563320933776445,0.007895260215331356
Feminino,55,2017,0.00599354483113515,0.009862074088086,0.008244471468990069,0.011471161496725182
Feminino,60,2017,0.00922338322135395,0.014160810129942643,0.012046893652781577,0.016252852801782514
Feminino,65,2017,0.0141235800508043,0.020306985792739048,0.01754215344936506,0.023014916174474067
Feminino,70,2017,0.0205736387689359,0.0301002920799496,0.025901324390828446,0.03414162071764729
Feminino,75,2017,0.035936673507818,0.04764490623417084,0.042568141170862946,0.05269384244553676
Feminino,80,2017,0.0625697982042192,0.07873347941785645,0.071797570388814555,0.08565591447168093
Feminino,85,2017,0.109264525517984,0.12985005432308527,0.11909182817345956,0.13746815980826804
Feminino,90,2017,0.188929447183116,0.19873486913020122,0.1933100306944832,0.20375296961126832
Feminino,0,2018,0.0115660615701648,0.0117862917090454,0.010870300434886185,0.012691623071173278
Feminino,1,2018,4.7500172266825e-4,5.007844267591729e-4,4.677361040185786e-4,5.341399634546735e-4
Feminino,5,2018,1.9550527031391e-4,2.370523288071357e-4,2.1390912207464152e-4,2.59125776771699e-4
Feminino,10,2018,2.3996072539845e-4,3.5647872291628e-4,2.870147474283686e-4,4.0523462577699856e-4
Feminino,15,2018,4.4661736162585e-4,0.0015962382973087272,0.0010925001230029942,0.002079312905755416
Feminino,20,2018,5.5612430851195e-4,0.0022004558231936986,0.0015195928820232244,0.002875012595078159
Feminino,25,2018,6.4471959820997e-4,0.002081614691504717,0.0014873525906931326,0.0026674216719803044
Feminino,30,2018,8.687243514695e-4,0.0021930113504701116,0.0015813221656351324,0.00274365815702357
Feminino,35,2018,0.00123483820321334,0.002508224979396513,0.001816829440221106,0.003036532447252423
Feminino,40,2018,0.00179901836688201,0.003294790546949143,0.002621922110971593,0.003907335659377498
Feminino,45,2018,0.00265208163112524,0.004553485540219622,0.003658171504767759,0.005346986199561625
Feminino,50,2018,0.00392767109644891,0.006618735781388634,0.005420818088973242,0.007757359661247837
Feminino,55,2018,0.00586148485455785,0.009687750265114094,0.008078100073504142,0.01121490314560896
Feminino,60,2018,0.00910904821087955,0.013889815377419294,0.011026472417980276,0.015961856563914717
Feminino,65,2018,0.0139593239896324,0.019780423137802663,0.0162015209950022,0.022414671476652662
Feminino,70,2018,0.0202665618718869,0.02949665541556017,0.0252815953876866,0.033633908764628476
Feminino,75,2018,0.0354036264134805,0.046934444753362954,0.041639142327980064,0.051938428641179486
Feminino,80,2018,0.06206141626521,0.07796531347354747,0.06857013418010054,0.08496095428640078
Feminino,85,2018,0.108082008616847,0.12908010019765423,0.11829143171477237,0.13662434298482615
Feminino,90,2018,0.189484833941721,0.1979280675062496,0.19303238248202514,0.20279100113732504
Feminino,0,2019,0.0111103224066213,0.011358027652968741,0.010384114000358702,0.012302958901449227
Feminino,1,2019,4.5360873187165e-4,4.8534238819022713e-4,4.515042133066646e-4,5.20595213373143e-4
Feminino,5,2019,1.9979483585455e-4,2.3155381124623285e-4,2.0768627371228892e-4,2.5551523654188883e-4
Feminino,10,2019,2.3598094242949e-4,3.5290357617563716e-4,2.9957159554682284e-4,4.0516473751914944e-4
Feminino,15,2019,4.3494563935497e-4,0.0015950625675437116,9.194385565126752e-4,0.0020760358533271003
Feminino,20,2019,5.6319635797292e-4,0.0021930957699046356,0.0015080476003452312,0.0028645932618267802
Feminino,25,2019,6.4903775830651e-4,0.0020551593390751486,0.0014627910591593566,0.0026279029293432427
Feminino,30,2019,8.6696818259734e-4,0.002151474920058877,0.0015739549399758502,0.0027066210780870266
Feminino,35,2019,0.00122439416012776,0.00244984020589985,0.0018754264200688956,0.0029585806541453856
Feminino,40,2019,0.00179304912418174,0.003228275875595413,0.0025596545969708115,0.0038473162344352134
Feminino,45,2019,0.00262000457348761,0.00446499593434875,0.003620250382698133,0.0052875884182192944
Feminino,50,2019,0.00387039092366506,0.006502872763671227,0.005276997915434053,0.0076682480541214355
Feminino,55,2019,0.0058013197946986,0.009544836481164684,0.007942964913444706,0.011073816744690617
Feminino,60,2019,0.00902671271826711,0.01366435919100799,0.01087174700880737,0.01567704878945157
Feminino,65,2019,0.0139665044856012,0.019332930965834955,0.01606585346011964,0.022278419052676114
Feminino,70,2019,0.0200358084091665,0.028982277080554494,0.024510480092277243,0.03286579559082041
Feminino,75,2019,0.0350597318216265,0.04620069407198691,0.039990565739899654,0.0513670749747494
Feminino,80,2019,0.0618696550980123,0.0771425459599927,0.06859993541072361,0.08450171902727473
Feminino,85,2019,0.108013218777689,0.1283417548995371,0.12061111521362831,0.13594137366176082
Feminino,90,2019,0.189993298255459,0.19735999414606786,0.19257386022976772,0.2021292943282557
Masculino,0,2016,0.0135205973397519,0.01300772019463683,0.01259122649646037,0.013427599019785115
Masculino,1,2016,5.4789504802886e-4,5.4091654568024e-4,5.221689061967886e-4,5.569904935845614e-4
Masculino,5,2016,2.5457454462478e-4,2.4640727949166855e-4,2.389466659893743e-4,2.5214702387684645e-4
Masculino,10,2016,3.7960323318008e-4,3.4630515995852574e-4,3.287974647303759e-4,3.6500412862351027e-4
Masculino,15,2016,0.00214515092977761,0.0015063577390524842,0.0012303489119228157,0.001793074707525821
Masculino,20,2016,0.00289378198862236,0.00203848857461198,0.0016999025805853692,0.002533801165233338
Masculino,25,2016,0.00268515843763769,0.001992791554357857,0.001700111727885428,0.0022877990739488697
Masculino,30,2016,0.00271249478754558,0.0021240606267385487,0.0018716021397580534,0.0023791254485618554
Masculino,35,2016,0.00310993240598961,0.0024867237617773956,0.002221653364632108,0.0028579854601364623
Masculino,40,2016,0.00396177403582487,0.0032947112208933,0.0029994213345283438,0.003597491935244153
Masculino,45,2016,0.00545824255628177,0.004544987531600897,0.004131806930313822,0.00497971765793297
Masculino,50,2016,0.00781993137467045,0.0065385837818641825,0.0059868623900491596,0.007090707458742321
Masculino,55,2016,0.0113042803424906,0.009474089054989403,0.008641725691428005,0.010585066072439255
Masculino,60,2016,0.0165607458082245,0.01387989792254891,0.012723634134254974,0.015084552445031856
Masculino,65,2016,0.0239560642409194,0.020093193858865793,0.01862312657732337,0.02167181288027504
Masculino,70,2016,0.034507055246693,0.02931961877593532,0.027196070152590197,0.03155544687972328
Masculino,75,2016,0.0536727922224078,0.046576336202079606,0.043671982278331044,0.04979190022351329
Masculino,80,2016,0.084518761697297,0.07633221098859926,0.07298115848482428,0.07987758604033404
Masculino,85,2016,0.136130545446371,0.12647164661846688,0.12180469915166621,0.13307542624623575
Masculino,90,2016,0.213843239645728,0.19846641069783605,0.19326308194200376,0.20436831086975496
Masculino,0,2017,0.0138348693738661,0.012729042479980572,0.01222032888521708,0.013293130204187242
Masculino,1,2017,5.5006395551936e-4,5.256367371830772e-4,4.995470135915226e-4,5.42956407966938e-4
Masculino,5,2017,2.5160117756853e-4,2.4121089799390857e-4,2.3279997864051358e-4,2.472475110247722e-4
Masculino,10,2017,3.6412676665286e-4,3.4241828566216714e-4,3.2670468524638116e-4,3.6009020034994744e-4
Masculino,15,2017,0.00208299015362052,0.001505708324746467,0.0012237573571780213,0.001815505173363329
Masculino,20,2017,0.00287377991422719,0.0020331856230824314,0.0016904029588296833,0.0023852489561642085
Masculino,25,2017,0.00262423261934667,0.001979464032738363,0.0016839653005337833,0.0022776027981487815
Masculino,30,2017,0.00263084755725137,0.00209383991054611,0.0018475482486751211,0.002346971151887743
Masculino,35,2017,0.00301870070986003,0.002453741694313626,0.0022040792385768673,0.002708187023354258
Masculino,40,2017,0.00383364674497096,0.003244927417520224,0.002955217264334117,0.0035574690306110677
Masculino,45,2017,0.00529782126541753,0.004480986377824229,0.004081945967984204,0.004872090965684123
Masculino,50,2017,0.00765941016976272,0.00645415759588285,0.005923858385235865,0.007178917258286468
Masculino,55,2017,0.0110814293537621,0.0093992632482129,0.008577936316483759,0.01051362928979212
Masculino,60,2017,0.0164329561480826,0.01378245796113496,0.012564566480282655,0.015053633288744137
Masculino,65,2017,0.0237002180266519,0.019943079419325018,0.0186028300094809,0.02134719894892561
Masculino,70,2017,0.0339966389886845,0.029021885458953137,0.026922346880327023,0.031101349358166264
Masculino,75,2017,0.0530386482350519,0.04622974133141312,0.043297310060474214,0.050258698275089844
Masculino,80,2017,0.0837252295000329,0.07584761235065927,0.07260788770099595,0.0792924650235853
Masculino,85,2017,0.134126472285394,0.12622416319713894,0.12132271723275752,0.13129050996310462
Masculino,90,2017,0.215434512173449,0.1980291603051552,0.19316424885442007,0.2031634692988433
Masculino,0,2018,0.0135786263750232,0.012318745061101947,0.01166137515669919,0.012975073708728023
Masculino,1,2018,5.4849623671563e-4,5.075391055261971e-4,4.8296909427774563e-4,5.275786160263454e-4
Masculino,5,2018,2.48054140372e-4,2.3597713162601142e-4,2.2789792089150028e-4,2.4318735549579284e-4
Masculino,10,2018,3.4759877331354e-4,3.364767300117914e-4,3.2268637381057427e-4,3.529517490794356e-4
Masculino,15,2018,0.00191994087257499,0.0015034618814832772,0.0012134104486691982,0.0019064457877331219
Masculino,20,2018,0.00274528373722183,0.002029416707252317,0.001683862219009646,0.0025287193021440416
Masculino,25,2018,0.00251330676859386,0.001968063474358313,0.0016707945933594264,0.0023929384914985093
Masculino,30,2018,0.00254425755574667,0.0020680075102149273,0.001822165900198783,0.002312367742262002
Masculino,35,2018,0.00292157786050983,0.002412657521338797,0.002176658003207327,0.002668071116155662
Masculino,40,2018,0.00371469870311863,0.0031780680004773573,0.0029058830347102947,0.0034790036339408656
Masculino,45,2018,0.0051087793614081,0.00440263499831692,0.004022463714687553,0.004813151581256523
Masculino,50,2018,0.00748051327322415,0.006357082759639974,0.00584612159395877,0.006889325260919977
Masculino,55,2018,0.010786702996587001,0.009293303730937168,0.008488640047134635,0.010143524348580676
Masculino,60,2018,0.016143986391298,0.013653777176676376,0.012345826857117074,0.014996759582404593
Masculino,65,2018,0.0233861321914028,0.019721091657921633,0.01840918733101027,0.02109653589219121
Masculino,70,2018,0.033387336665686,0.02865140703041125,0.026644086228534647,0.030727901337792744
Masculino,75,2018,0.0522667739342522,0.04572914747304093,0.042863781931914376,0.04876312892211622
Masculino,80,2018,0.0828584909899789,0.07526173451889419,0.07220824419001544,0.0786159952759749
Masculino,85,2018,0.132574546138651,0.12569241779378343,0.12065248004000204,0.13091225522779215
Masculino,90,2018,0.216723711732269,0.1973695613109129,0.19280850447475728,0.20258202772288347
Masculino,0,2019,0.0132675217298844,0.0119075830610394,0.01114963248293179,0.012635654823997682
Masculino,1,2019,5.6100118987081e-4,5.015966543852443e-4,4.750982862609043e-4,5.27131982137532e-4
Masculino,5,2019,2.4322270760579e-4,2.3020518427675714e-4,2.221516874497101e-4,2.378389359294156e-4
Masculino,10,2019,3.3470480880897e-4,3.3161582378863713e-4,3.192195108901257e-4,3.459509404852461e-4
Masculino,15,2019,0.00166243520131769,0.0015035437676271073,0.001204550164498657,0.0017990440443335462
Masculino,20,2019,0.00248868207339464,0.0020240713024644317,0.0016670699083731375,0.0023772661393340255
Masculino,25,2019,0.00234412921090513,0.0019570716765238355,0.0016524884510628589,0.002380863222230616
Masculino,30,2019,0.00244345690282026,0.00204462287988682,0.0018049396780155985,0.0022828076508375245
Masculino,35,2019,0.00281326519263482,0.00238112284650545,0.002156349300188892,0.002671872640925241
Masculino,40,2019,0.00360208140826479,0.0031281816640035755,0.0028786802589088373,0.0034325407848256493
Masculino,45,2019,0.00497435134113222,0.004320040695951084,0.003925072999898923,0.004733658455795518
Masculino,50,2019,0.00737330116016342,0.006264444075768646,0.005751721577674233,0.006811139288818098
Masculino,55,2019,0.0106650953251627,0.009193436235434184,0.008416622479784254,0.010077379114682263
Masculino,60,2019,0.0159239497138927,0.013489369492987733,0.012123737487966538,0.015295212449283606
Masculino,65,2019,0.0233002936618778,0.019364424860378402,0.018044677401350077,0.02068703001158008
Masculino,70,2019,0.0329968630644726,0.028292059044095035,0.026338609908733372,0.03041338769916071
Masculino,75,2019,0.0518617482735885,0.04520758665373347,0.04236933556017509,0.04812732556754669
Masculino,80,2019,0.0822478993861486,0.07459595371358521,0.07153781318623564,0.07800680292634012
Masculino,85,2019,0.133128731071637,0.12498017397775286,0.1196087380368309,0.13052828563458255
Masculino,90,2019,0.2182456976121,0.1967919240362111,0.1927013238375418,0.20215377489822728
